"last_name, first_name","player_id","year","on_base_plus_slg","babip","xbadiff","xslgdiff","wobadiff"
"Cabrera, Miguel","408234","2021","0.702",".305",".022","-0.034","-0.010"
"Molina, Yadier","425877","2021","0.667",".283","-0.003","-0.036","-0.016"
"Cruz Jr., Nelson","443558","2021","0.831",".286",".001","-0.015","-0.017"
"Peralta, David","444482","2021","0.727",".303",".016",".057",".021"
"Escobar, Alcides","444876","2021","0.744",".337",".017",".042",".016"
"Cabrera, Asdrúbal","452678","2021","0.679",".283",".016",".035",".011"
"Blackmon, Charlie","453568","2021","0.762",".305","-0.021","-0.039","-0.026"
"Maldonado, Martín","455117","2021","0.572",".221","-0.011","-0.012","-0.009"
"Solano, Donovan","456781","2021","0.748",".321",".005","-0.028","-0.011"
"McCutchen, Andrew","457705","2021","0.778",".242","-0.018",".013","-0.009"
"Upton, Justin","457708","2021","0.705",".254","-0.015","-0.020","-0.017"
"Turner, Justin","457759","2021","0.832",".292",".008",".001","-0.001"
"Posey III, Buster","457763","2021","0.889",".349",".023",".030",".018"
"Votto, Joey","458015","2021","0.938",".287","-0.008","-0.029","-0.015"
"Gardner, Brett","458731","2021","0.689",".269",".003",".040",".009"
"Andrus, Elvis","462101","2021","0.614",".283","-0.030","-0.055","-0.038"
"Santana, Carlos","467793","2021","0.661",".227","-0.030","-0.079","-0.041"
"Belt, Brandon","474832","2021","0.975",".309",".031",".072",".032"
"Lowrie, Jed","476704","2021","0.716",".289","-0.014","-0.066","-0.032"
"Brantley Jr., Michael","488726","2021","0.799",".337","-0.001","-0.029","-0.014"
"Gurriel Jr., Yuli","493329","2021","0.845",".336",".048",".076",".037"
"Rojas, Miguel","500743","2021","0.714",".295",".016",".047",".019"
"Escobar, Eduardo","500871","2021","0.786",".279",".004",".019",".006"
"Lagares, Juan","501571","2021","0.638",".294","-0.008","-0.001","-0.008"
"Pham, Tommy","502054","2021","0.723",".280","-0.024","-0.055","-0.032"
"Martinez, J.D.","502110","2021","0.867",".340","-0.002","-0.015","-0.010"
"Goldschmidt, Paul","502671","2021","0.879",".331",".001","-0.061","-0.024"
"Gonzalez, Marwin","503556","2021","0.579",".258","-0.019","-0.030","-0.022"
"Altuve, Jose","514888","2021","0.839",".280",".016",".068",".025"
"Hernández, César","514917","2021","0.694",".266","-0.011",".000","-0.009"
"Segura, Jean","516416","2021","0.784",".317",".024",".040",".019"
"Castro, Starlin","516770","2021","0.708",".339",".011","-0.037","-0.015"
"Marte, Starling","516782","2021","0.841",".372",".033",".020",".017"
"Donaldson, Josh","518626","2021","0.827",".268","-0.022","-0.067","-0.035"
"Freeman, Freddie","518692","2021","0.896",".321","-0.020","-0.080","-0.037"
"Grandal, Yasmani","518735","2021","0.940",".246","-0.018",".014","-0.010"
"Heyward, Jason","518792","2021","0.627",".247","-0.020","-0.020","-0.019"
"LeMahieu, DJ","518934","2021","0.711",".301","-0.015","-0.035","-0.025"
"Rizzo, Anthony","519203","2021","0.784",".258","-0.013",".006","-0.008"
"Stanton, Giancarlo","519317","2021","0.870",".324",".011",".018",".007"
"Galvis, Freddy","520471","2021","0.709",".269",".020",".057",".025"
"Perez, Salvador","521692","2021","0.860",".298",".000","-0.018","-0.012"
"Flores, Wilmer","527038","2021","0.782",".264",".024",".047",".025"
"García, Avisaíl","541645","2021","0.820",".291","-0.016","-0.024","-0.020"
"Villar, Jonathan","542340","2021","0.738",".313",".014",".028",".013"
"Ortega, Rafael","542364","2021","0.823",".349",".039",".082",".044"
"Aguilar, Jesús","542583","2021","0.788",".279",".001",".006",".000"
"Crawford, Brandon","543063","2021","0.895",".334",".039",".030",".021"
"Cron, C.J.","543068","2021","0.905",".316",".020",".049",".019"
"Dickerson, Alex","543105","2021","0.724",".273","-0.028","-0.026","-0.024"
"Gomes, Yan","543228","2021","0.722",".287","-0.028","-0.048","-0.033"
"Grossman, Robbie","543257","2021","0.772",".286",".005",".016",".003"
"Harrison, Josh","543281","2021","0.741",".313",".001","-0.020","-0.008"
"Hosmer, Eric","543333","2021","0.732",".313",".001","-0.011","-0.007"
"McCann, James","543510","2021","0.643",".304",".013",".010",".001"
"Miller, Brad","543543","2021","0.774",".276","-0.020","-0.007","-0.014"
"Semien, Marcus","543760","2021","0.872",".276",".016",".079",".032"
"Springer III, George","543807","2021","0.907",".286",".016",".048",".020"
"Vázquez, Christian","543877","2021","0.660",".301",".023",".015",".013"
"Wong, Kolten","543939","2021","0.782",".305",".021",".065",".029"
"Gregorius, Didi","544369","2021","0.640",".217","-0.016",".041",".000"
"Garcia, Leury","544725","2021","0.711",".333",".027",".040",".021"
"Grichuk, Randal","545341","2021","0.704",".266",".007",".021",".003"
"Stassi, Max","545358","2021","0.752",".325",".009",".007",".004"
"Herrera, Odúbel","546318","2021","0.726",".285",".008",".038",".010"
"Harper, Bryce","547180","2021","1.044",".359",".008",".006",".001"
"Abreu, José","547989","2021","0.832",".293",".009",".024",".005"
"Díaz, Elias","553869","2021","0.774",".249","-0.001",".045",".012"
"Narváez, Omar","553882","2021","0.744",".308",".031",".033",".018"
"Suárez, Eugenio","553993","2021","0.714",".224","-0.017","-0.027","-0.020"
"Polanco, Gregory","570256","2021","0.637",".258","-0.024","-0.057","-0.041"
"Urshela, Gio","570482","2021","0.720",".329",".015",".004",".005"
"Schoop, Jonathan","570731","2021","0.755",".317",".020",".031",".013"
"Arenado, Nolan","571448","2021","0.806",".249",".007",".074",".025"
"Barnhart, Tucker","571466","2021","0.685",".324",".043",".055",".035"
"Farmer, Kyle","571657","2021","0.732",".296",".011",".033",".014"
"Haniger, Mitch","571745","2021","0.803",".281","-0.004","-0.007","-0.010"
"Hernández, Enrique","571771","2021","0.786",".278","-0.003","-0.006","-0.008"
"Muncy, Max","571970","2021","0.895",".257","-0.022","-0.053","-0.028"
"Myers, Wil","571976","2021","0.768",".333",".038",".064",".035"
"Naquin, Tyler","571980","2021","0.810",".318",".006",".018",".005"
"Pollock, AJ","572041","2021","0.891",".326",".015",".037",".016"
"Seager, Kyle","572122","2021","0.723",".226","-0.009","-0.014","-0.011"
"Taylor, Michael A.","572191","2021","0.653",".319","-0.002","-0.034","-0.014"
"Walker, Christian","572233","2021","0.697",".307","-0.005","-0.004","-0.007"
"Zunino, Mike","572287","2021","0.860",".231","-0.003",".027",".004"
"Dickerson, Corey","572816","2021","0.734",".323",".027",".038",".022"
"Ruf, Darin","573131","2021","0.904",".344",".009",".004",".003"
"Yastrzemski, Mike","573262","2021","0.768",".254",".003",".026",".008"
"Contreras, Willson","575929","2021","0.778",".298","-0.003","-0.010","-0.009"
"Iglesias, Jose","578428","2021","0.700",".305",".001",".025",".007"
"Torreyes, Ronald","591720","2021","0.632",".258",".009",".047",".018"
"Bryant, Kris","592178","2021","0.834",".313",".005",".032",".010"
"Canha, Mark","592192","2021","0.745",".274",".000",".009",".001"
"Castellanos, Nick","592206","2021","0.938",".340",".016",".041",".017"
"Gamel, Ben","592325","2021","0.735",".329",".017",".015",".007"
"Goodrum, Niko","592348","2021","0.651",".301","-0.001","-0.022","-0.018"
"Judge, Aaron","592450","2021","0.917",".332","-0.021","-0.050","-0.031"
"Machado, Manny","592518","2021","0.836",".290","-0.013","-0.037","-0.026"
"Moran, Colin","592567","2021","0.724",".321",".013","-0.001",".003"
"Pederson, Joc","592626","2021","0.732",".281","-0.006","-0.019","-0.018"
"Realmuto, J.T.","592663","2021","0.782",".325",".010",".023",".007"
"Renfroe, Hunter","592669","2021","0.816",".284","-0.001","-0.005","-0.010"
"Rosario, Eddie","592696","2021","0.740",".273",".004",".008","-0.003"
"Simmons, Andrelton","592743","2021","0.557",".256","-0.007","-0.007","-0.009"
"Yelich, Christian","592885","2021","0.735",".321","-0.006","-0.019","-0.012"
"Merrifield, Whit","593160","2021","0.712",".309",".014",".012",".005"
"Bogaerts, Xander","593428","2021","0.863",".333",".015",".025",".009"
"Polanco, Jorge","593871","2021","0.826",".282",".002",".015",".001"
"Sanó, Miguel","593934","2021","0.778",".291",".007",".027",".010"
"Duvall, Adam","594807","2021","0.772",".260",".001","-0.008","-0.006"
"Gosselin, Phil","594838","2021","0.676",".322",".021",".008",".009"
"Kiermaier, Kevin","595281","2021","0.716",".345",".027",".068",".027"
"Alfaro, Jorge","595751","2021","0.625",".354","-0.003","-0.039","-0.018"
"Profar, Jurickson","595777","2021","0.649",".266","-0.011","-0.003","-0.009"
"Báez, Javier","595879","2021","0.813",".352",".028",".044",".023"
"Hedges, Austin","595978","2021","0.528",".214","-0.013",".021","-0.001"
"Lindor, Francisco","596019","2021","0.734",".248","-0.024","-0.038","-0.027"
"Odor, Rougned","596059","2021","0.665",".242",".000",".005","-0.001"
"Slater, Austin","596103","2021","0.743",".303","-0.015","-0.016","-0.014"
"Story, Trevor","596115","2021","0.800",".293",".006",".021",".006"
"Sánchez, Gary","596142","2021","0.730",".230","-0.024","-0.029","-0.022"
"Kepler, Max","596146","2021","0.719",".225","-0.044","-0.039","-0.038"
"Franco, Maikel","596748","2021","0.608",".225","-0.014",".011","-0.007"
"Choi, Ji Man","596847","2021","0.759",".300","-0.008","-0.013","-0.008"
"Bradley Jr., Jackie","598265","2021","0.497",".226","-0.031","-0.029","-0.029"
"Severino, Pedro","600474","2021","0.691",".314","-0.001","-0.018","-0.012"
"Candelario, Jeimer","600869","2021","0.794",".333","-0.007","-0.019","-0.012"
"Daza, Yonathan","602074","2021","0.687",".346",".029",".027",".018"
"Ahmed, Nick","605113","2021","0.619",".279",".013",".049",".020"
"Bell, Josh","605137","2021","0.823",".276","-0.016","-0.012","-0.015"
"Betts, Mookie","605141","2021","0.854",".276",".001",".042",".008"
"Caratini, Victor","605170","2021","0.632",".281","-0.001","-0.032","-0.017"
"Zimmer, Bradley","605548","2021","0.669",".347",".003","-0.027","-0.017"
"Castro, Harold","605612","2021","0.669",".351","-0.004","-0.055","-0.024"
"Tapia, Raimel","606132","2021","0.699",".306",".032",".064",".032"
"Hernández, Teoscar","606192","2021","0.870",".352",".012","-0.013","-0.001"
"Marte, Ketel","606466","2021","0.909",".352",".011",".037",".013"
"Haase, Eric","606992","2021","0.745",".278","-0.003","-0.002","-0.006"
"Nimmo, Brandon","607043","2021","0.838",".366",".025",".051",".024"
"Peterson, Jace","607054","2021","0.715",".310",".012","-0.001","-0.001"
"Turner, Trea","607208","2021","0.911",".362",".024",".051",".022"
"Pillar, Kevin","607680","2021","0.692",".261",".007",".043",".016"
"Stallings, Jacob","607732","2021","0.704",".297",".001",".000","-0.002"
"Ramírez, José","608070","2021","0.893",".256","-0.017",".030","-0.004"
"Bregman, Alex","608324","2021","0.777",".286",".012",".005",".004"
"Gallo, Joey","608336","2021","0.809",".246",".000","-0.002","-0.004"
"Kelly, Carson","608348","2021","0.754",".270","-0.014","-0.017","-0.018"
"Seager, Corey","608369","2021","0.915",".336",".011","-0.009","-0.003"
"Winker, Jesse","608385","2021","0.950",".324",".010",".032",".013"
"Murphy, Tom","608596","2021","0.654",".265",".009",".003","-0.001"
"Reyes, Franmil","614177","2021","0.846",".314",".008",".010",".001"
"Torrens, Luis","620443","2021","0.730",".294","-0.002",".003","-0.007"
"Swanson, Dansby","621020","2021","0.760",".297","-0.003","-0.006","-0.010"
"Newman, Kevin","621028","2021","0.574",".236","-0.029","-0.021","-0.026"
"Taylor, Chris","621035","2021","0.782",".337",".017",".016",".009"
"Correa, Carlos","621043","2021","0.851",".308","-0.017",".003","-0.009"
"Stewart, DJ","621466","2021","0.698",".254","-0.001","-0.008","-0.004"
"Wisdom, Patrick","621550","2021","0.823",".318",".015",".058",".025"
"Wendle, Joey","621563","2021","0.741",".327",".027",".066",".031"
"Olson, Matt","621566","2021","0.911",".269",".007",".033",".001"
"Duffy, Matt","622110","2021","0.738",".351",".012","-0.004",".002"
"Margot, Manuel","622534","2021","0.695",".281","-0.014","-0.015","-0.017"
"Bote, David","623520","2021","0.606",".235","-0.027","-0.063","-0.040"
"Ramírez, Harold","623912","2021","0.703",".301",".006",".003",".000"
"Santander, Anthony","623993","2021","0.719",".275","-0.028","-0.013","-0.021"
"Alonso, Pete","624413","2021","0.863",".274","-0.009","-0.023","-0.014"
"Conforto, Michael","624424","2021","0.728",".276","-0.021","-0.052","-0.028"
"Frazier, Adam","624428","2021","0.779",".339",".017",".035",".017"
"Trevino, Jose","624431","2021","0.607",".279","-0.009","-0.034","-0.024"
"Soler, Jorge","624585","2021","0.748",".250","-0.027","-0.062","-0.036"
"Sosa, Edmundo","624641","2021","0.735",".326",".012",".003",".002"
"Heredia, Guillermo","628338","2021","0.665",".282",".000",".018",".002"
"Cronenworth, Jake","630105","2021","0.800",".283","-0.010",".017","-0.003"
"Meadows, Austin","640457","2021","0.773",".249","-0.006",".033",".001"
"Anderson, Tim","641313","2021","0.807",".372",".031",".027",".021"
"Bauers, Jake","641343","2021","0.567",".275","-0.024","-0.084","-0.040"
"Bellinger, Cody","641355","2021","0.542",".196","-0.044","-0.056","-0.044"
"Crawford, J.P.","641487","2021","0.714",".320",".016",".037",".016"
"Dozier, Hunter","641531","2021","0.679",".276","-0.008",".006","-0.006"
"Hampson, Garrett","641658","2021","0.669",".291","-0.002",".006","-0.003"
"Mancini III, Trey","641820","2021","0.758",".308","-0.011","-0.020","-0.015"
"McKinney, Billy","641856","2021","0.638",".235","-0.018",".003","-0.011"
"McMahon, Ryan","641857","2021","0.780",".306",".010",".023",".009"
"O'Neill, Tyler","641933","2021","0.912",".366",".010","-0.019","-0.005"
"Smith, Dominic","642086","2021","0.667",".298","-0.018","-0.057","-0.034"
"Tellez, Rowdy","642133","2021","0.719",".275","-0.023","-0.057","-0.034"
"VanMeter, Josh","642165","2021","0.651",".278",".009",".033",".013"
"Rosario, Amed","642708","2021","0.730",".340",".015",".041",".015"
"Adames, Willy","642715","2021","0.818",".331",".026",".043",".024"
"Benintendi, Andrew","643217","2021","0.766",".309",".015","-0.014","-0.003"
"Kemp, Tony","643393","2021","0.800",".304",".029",".069",".030"
"Kiner-Falefa, Isiah","643396","2021","0.669",".304",".004",".008",".001"
"McNeil, Jeff","643446","2021","0.679",".280","-0.006","-0.027","-0.014"
"Albies, Ozzie","645277","2021","0.798",".278",".002",".027",".007"
"Robles, Victor","645302","2021","0.605",".271","-0.013","-0.019","-0.014"
"Devers, Rafael","646240","2021","0.890",".307","-0.012","-0.029","-0.021"
"Toro, Abraham","647351","2021","0.688",".254","-0.008","-0.043","-0.020"
"Díaz, Aledmys","649557","2021","0.722",".304","-0.008","-0.006","-0.008"
"Urías, Luis","649966","2021","0.790",".280",".008",".018",".007"
"Arraez, Luis","650333","2021","0.733",".323","-0.001","-0.035","-0.016"
"Torres, Gleyber","650402","2021","0.697",".314","-0.006","-0.057","-0.024"
"Castro, Willi","650489","2021","0.624",".275","-0.019","-0.007","-0.015"
"Díaz, Yandy","650490","2021","0.740",".286",".002","-0.012","-0.007"
"Chapman, Matt","656305","2021","0.717",".272",".001","-0.020","-0.010"
"Hoskins, Rhys","656555","2021","0.864",".270","-0.002","-0.034","-0.014"
"Mullins II, Cedric","656775","2021","0.878",".322",".019",".071",".028"
"Schwarber, Kyle","656941","2021","0.928",".306",".001","-0.011","-0.007"
"Smith, Pavin","656976","2021","0.732",".319",".009",".002",".001"
"Verdugo, Alex","657077","2021","0.777",".327",".004","-0.020","-0.008"
"DeJong, Paul","657557","2021","0.674",".216","-0.014","-0.026","-0.019"
"Laureano, Ramón","657656","2021","0.760",".304",".001","-0.016","-0.008"
"Moncada, Yoán","660162","2021","0.787",".350",".002","-0.014","-0.006"
"Ohtani, Shohei","660271","2021","0.964",".303","-0.009","-0.020","-0.015"
"Acuña Jr., Ronald","660670","2021","0.990",".311","-0.012","-0.007","-0.017"
"Varsho, Daulton","662139","2021","0.755",".286","-0.002",".007","-0.001"
"Riley, Austin","663586","2021","0.898",".368",".022",".020",".013"
"Larnach, Trevor","663616","2021","0.672",".338",".011","-0.026","-0.006"
"Mountcastle, Ryan","663624","2021","0.796",".297",".010",".030",".009"
"Hayes, Ke'Bryan","663647","2021","0.689",".321",".015",".011",".007"
"Tucker, Kyle","663656","2021","0.916",".304","-0.009","-0.019","-0.013"
"India, Jonathan","663697","2021","0.835",".326",".015",".023",".011"
"Grisham, Trent","663757","2021","0.740",".292",".001",".045",".011"
"Stephenson, Tyler","663886","2021","0.797",".333",".029",".040",".022"
"Rodgers, Brendan","663898","2021","0.798",".328",".031",".056",".030"
"Lowe, Nathaniel","663993","2021","0.772",".339",".028",".014",".014"
"Happ, Ian","664023","2021","0.757",".281",".006",".038",".011"
"France, Ty","664034","2021","0.813",".327",".021",".010",".007"
"Lowe, Brandon","664040","2021","0.863",".280","-0.002",".024",".003"
"Bader, Harrison","664056","2021","0.784",".306",".040",".072",".041"
"Fletcher, David","664058","2021","0.621",".287","-0.010",".004","-0.007"
"Moore, Dylan","664238","2021","0.610",".229","-0.023","-0.014","-0.017"
"Straw, Myles","664702","2021","0.697",".336",".015",".015",".008"
"Bohm, Alec","664761","2021","0.647",".327","-0.014","-0.050","-0.028"
"Wade Jr., LaMonte","664774","2021","0.808",".289",".000",".010","-0.001"
"Brown, Seth","664913","2021","0.754",".230","-0.011",".018","-0.003"
"Walsh, Jared","665120","2021","0.849",".335",".021",".075",".031"
"Tatis Jr., Fernando","665487","2021","0.975",".324",".003","-0.004","-0.004"
"Guerrero Jr., Vladimir","665489","2021","1.002",".313",".000",".004","-0.002"
"Soto, Juan","665742","2021","0.999",".332",".008","-0.011","-0.009"
"Chisholm Jr., Jazz","665862","2021","0.728",".319",".010",".016",".005"
"Lux, Gavin","666158","2021","0.692",".300","-0.018","-0.023","-0.020"
"Bichette, Bo","666182","2021","0.827",".339",".007","-0.006","-0.001"
"Carlson, Dylan","666185","2021","0.780",".332",".019",".030",".014"
"Dalbec, Bobby","666915","2021","0.792",".316",".004","-0.028","-0.010"
"García, Adolis","666969","2021","0.740",".306",".023",".032",".015"
"Gurriel Jr., Lourdes","666971","2021","0.785",".305",".004",".004","-0.006"
"Arozarena, Randy","668227","2021","0.815",".363",".052",".090",".046"
"Baddoo, Akil","668731","2021","0.766",".335",".032",".033",".020"
"Reynolds, Bryan","668804","2021","0.912",".345",".008","-0.001","-0.001"
"Rojas, Josh","668942","2021","0.752",".345",".032",".059",".032"
"Murphy, Sean","669221","2021","0.711",".257","-0.024","-0.036","-0.028"
"Edman, Tommy","669242","2021","0.695",".291","-0.012","-0.014","-0.015"
"Solak, Nick","669256","2021","0.676",".292",".004",".001",".000"
"Smith, Will","669257","2021","0.860",".274",".008",".023",".000"
"Hays, Austin","669720","2021","0.769",".286",".011",".029",".012"
"Lopez, Nicky","670032","2021","0.743",".347",".061",".073",".046"
"Alvarez, Yordan","670541","2021","0.877",".320",".002","-0.034","-0.017"
"Kelenic, Jarred","672284","2021","0.615",".216","-0.042","-0.063","-0.044"
"McCormick, Chas","676801","2021","0.766",".341",".033",".023",".016"
"Franco, Wander","677551","2021","0.810",".311",".012",".056",".019"
"Vaughn, Andrew","683734","2021","0.705",".271","-0.008","-0.038","-0.026"
"Pujols, Albert","405395","2022","0.895",".252",".008",".051",".015"
"Cabrera, Miguel","408234","2022","0.622",".324",".020","-0.014",".000"
"Cruz Jr., Nelson","443558","2022","0.650",".295","-0.007","-0.062","-0.028"
"Peralta, David","444482","2022","0.731",".307",".002",".016",".002"
"Blackmon, Charlie","453568","2022","0.733",".304",".008",".043",".016"
"Maldonado, Martín","455117","2022","0.600",".228",".005",".027",".011"
"Solano, Donovan","456781","2022","0.724",".349",".016","-0.008",".004"
"McCutchen, Andrew","457705","2022","0.700",".278","-0.015","-0.022","-0.016"
"Turner, Justin","457759","2022","0.788",".313",".011",".011",".004"
"Votto, Joey","458015","2022","0.689",".257","-0.013","-0.020","-0.012"
"Andrus, Elvis","462101","2022","0.707",".272",".004",".044",".017"
"Santana, Carlos","467793","2022","0.692",".209","-0.051","-0.062","-0.044"
"Gurriel Jr., Yuli","493329","2022","0.648",".266",".002",".041",".014"
"Rojas, Miguel","500743","2022","0.606",".258","-0.028","-0.024","-0.025"
"Escobar, Eduardo","500871","2022","0.725",".281","-0.003",".003","-0.003"
"Pham, Tommy","502054","2022","0.686",".304","-0.002","-0.009","-0.007"
"Martinez, J.D.","502110","2022","0.789",".345",".014","-0.023","-0.006"
"Goldschmidt, Paul","502671","2022","0.982",".368",".056",".096",".052"
"Altuve, Jose","514888","2022","0.920",".315",".031",".093",".043"
"Hernández, César","514917","2022","0.629",".309",".000","-0.011","-0.007"
"Segura, Jean","516416","2022","0.723",".307",".023",".024",".017"
"Marte, Starling","516782","2022","0.815",".340",".016",".040",".019"
"d'Arnaud, Travis","518595","2022","0.791",".306",".021",".060",".030"
"Donaldson, Josh","518626","2022","0.682",".283",".007",".004",".003"
"Freeman, Freddie","518692","2022","0.918",".359",".012","-0.027","-0.010"
"Grandal, Yasmani","518735","2022","0.570",".249","-0.015","-0.050","-0.027"
"LeMahieu, DJ","518934","2022","0.734",".285","-0.013","-0.026","-0.015"
"Rizzo, Anthony","519203","2022","0.818",".216","-0.015",".026",".003"
"Stanton, Giancarlo","519317","2022","0.759",".227","-0.029","-0.012","-0.023"
"Perez, Salvador","521692","2022","0.757",".285",".012","-0.005",".001"
"Flores, Wilmer","527038","2022","0.710",".246","-0.004",".024",".002"
"García, Avisaíl","541645","2022","0.583",".298","-0.006","-0.049","-0.023"
"Bethancourt, Christian","542194","2022","0.692",".304","-0.003","-0.040","-0.017"
"Ozuna, Marcell","542303","2022","0.687",".252","-0.027","-0.062","-0.036"
"Ortega, Rafael","542364","2022","0.689",".285",".000",".012","-0.002"
"Aguilar, Jesús","542583","2022","0.660",".278","-0.005","-0.014","-0.010"
"Berti, Jon","542932","2022","0.662",".308",".004","-0.020","-0.008"
"Crawford, Brandon","543063","2022","0.652",".280",".014",".005",".002"
"Cron, C.J.","543068","2022","0.783",".307",".014",".033",".015"
"Grossman, Robbie","543257","2022","0.621",".283",".004",".006",".002"
"Harrison, Josh","543281","2022","0.687",".297",".023",".035",".021"
"Hicks, Aaron","543305","2022","0.643",".279","-0.002","-0.023","-0.011"
"Hosmer, Eric","543333","2022","0.716",".304",".010",".003",".002"
"Nola, Austin","543592","2022","0.650",".284","-0.005","-0.022","-0.015"
"Semien, Marcus","543760","2022","0.733",".263",".005",".035",".011"
"Springer III, George","543807","2022","0.814",".285",".002",".035",".010"
"Vázquez, Christian","543877","2022","0.714",".310",".012",".024",".011"
"Wong, Kolten","543939","2022","0.769",".280",".016",".077",".031"
"Garcia, Leury","544725","2022","0.500",".255","-0.023","-0.058","-0.037"
"Grichuk, Randal","545341","2022","0.724",".309",".030",".055",".034"
"Stassi, Max","545358","2022","0.570",".239",".000","-0.022","-0.008"
"Trout, Mike","545361","2022","0.999",".323",".018",".047",".023"
"Harper, Bryce","547180","2022","0.878",".324","-0.002","-0.013","-0.011"
"Abreu, José","547989","2022","0.824",".350",".008","-0.040","-0.012"
"Díaz, Elias","553869","2022","0.649",".270",".006",".029",".010"
"Suárez, Eugenio","553993","2022","0.791",".302",".016",".005",".005"
"Urshela, Gio","570482","2022","0.767",".326",".017",".013",".009"
"Schoop, Jonathan","570731","2022","0.561",".234","-0.026","-0.016","-0.023"
"Arenado, Nolan","571448","2022","0.891",".290",".027",".088",".042"
"Barnhart, Tucker","571466","2022","0.554",".296",".020",".003",".009"
"Farmer, Kyle","571657","2022","0.701",".286","-0.003",".006","-0.002"
"Hernández, Enrique","571771","2022","0.629",".257","-0.016","-0.019","-0.017"
"Muncy, Max","571970","2022","0.713",".227","-0.012","-0.033","-0.021"
"Naquin, Tyler","571980","2022","0.705",".291","-0.018","-0.010","-0.014"
"Pollock, AJ","572041","2022","0.681",".278","-0.013","-0.030","-0.020"
"Taylor, Michael A.","572191","2022","0.670",".321",".031","-0.001",".008"
"Voit III, Luke","572228","2022","0.710",".298",".004","-0.032","-0.011"
"Walker, Christian","572233","2022","0.804",".248","-0.015","-0.007","-0.013"
"Ruf, Darin","573131","2022","0.645",".258","-0.015","-0.033","-0.019"
"Yastrzemski, Mike","573262","2022","0.697",".261","-0.006",".000","-0.007"
"Contreras, Willson","575929","2022","0.815",".270","-0.013",".003","-0.007"
"Iglesias, Jose","578428","2022","0.708",".326",".026",".057",".031"
"Canha, Mark","592192","2022","0.770",".309",".021",".041",".020"
"Castellanos, Nick","592206","2022","0.694",".326",".013","-0.006",".002"
"Drury, Brandon","592273","2022","0.812",".293",".021",".072",".034"
"Gamel, Ben","592325","2022","0.693",".291","-0.012","-0.003","-0.008"
"Judge, Aaron","592450","2022","1.111",".340",".006","-0.020","-0.005"
"Machado, Manny","592518","2022","0.897",".337",".034",".084",".044"
"Pederson, Joc","592626","2022","0.874",".310",".008",".019",".006"
"Realmuto, J.T.","592663","2022","0.820",".318",".001",".015",".003"
"Renfroe, Hunter","592669","2022","0.807",".281",".015",".054",".024"
"Yelich, Christian","592885","2022","0.738",".327","-0.006","-0.019","-0.010"
"Merrifield, Whit","593160","2022","0.673",".276",".010",".019",".006"
"Bogaerts, Xander","593428","2022","0.833",".362",".048",".073",".040"
"Polanco, Jorge","593871","2022","0.751",".269","-0.013","-0.046","-0.025"
"Calhoun, Kole","594777","2022","0.587",".263","-0.027","-0.052","-0.034"
"Duvall, Adam","594807","2022","0.677",".278",".004",".006",".002"
"Profar, Jurickson","595777","2022","0.722",".272","-0.008",".032",".005"
"Báez, Javier","595879","2022","0.671",".292",".012",".019",".010"
"Hedges, Austin","595978","2022","0.489",".193","-0.017","-0.013","-0.013"
"Lindor, Francisco","596019","2022","0.788",".301",".016",".022",".011"
"Odor, Rougned","596059","2022","0.632",".244",".000",".018",".001"
"Slater, Austin","596103","2022","0.774",".361",".005","-0.021","-0.007"
"Story, Trevor","596115","2022","0.737",".309",".017",".037",".015"
"Vogelbach, Daniel","596129","2022","0.793",".290",".002",".005","-0.001"
"Sánchez, Gary","596142","2022","0.659",".257","-0.015","-0.062","-0.031"
"Kepler, Max","596146","2022","0.666",".249","-0.039","-0.064","-0.040"
"Franco, Maikel","596748","2022","0.597",".262","-0.014","-0.009","-0.011"
"Choi, Ji Man","596847","2022","0.729",".320","-0.003","-0.025","-0.015"
"Bradley Jr., Jackie","598265","2022","0.566",".251","-0.020","-0.019","-0.016"
"Candelario, Jeimer","600869","2022","0.633",".257","-0.011","-0.018","-0.015"
"Daza, Yonathan","602074","2022","0.733",".347",".019",".033",".015"
"Urías, Ramón","602104","2022","0.719",".287","-0.002","-0.006","-0.007"
"Anderson, Brian","605119","2022","0.657",".291","-0.007","-0.033","-0.016"
"Bell, Josh","605137","2022","0.784",".296","-0.007","-0.002","-0.005"
"Betts, Mookie","605141","2022","0.873",".272",".015",".068",".029"
"Caratini, Victor","605170","2022","0.642",".228","-0.034","-0.008","-0.020"
"Davis, J.D.","605204","2022","0.758",".360",".006","-0.051","-0.018"
"Castro, Harold","605612","2022","0.681",".318","-0.004","-0.042","-0.019"
"Tapia, Raimel","606132","2022","0.672",".315",".009",".014",".007"
"Hernández, Teoscar","606192","2022","0.807",".335",".002","-0.010","-0.003"
"Marte, Ketel","606466","2022","0.728",".276","-0.011",".030",".002"
"Haase, Eric","606992","2022","0.748",".316",".015",".044",".020"
"Nimmo, Brandon","607043","2022","0.800",".317",".018",".030",".015"
"Peterson, Jace","607054","2022","0.698",".303",".005",".020",".006"
"Turner, Trea","607208","2022","0.809",".342",".022",".034",".015"
"Stallings, Jacob","607732","2022","0.584",".280",".002","-0.020","-0.009"
"Ramírez, José","608070","2022","0.869",".279",".025",".106",".043"
"Bregman, Alex","608324","2022","0.820",".260",".002",".038",".008"
"Gallo, Joey","608336","2022","0.637",".219","-0.007","-0.014","-0.008"
"Kelly, Carson","608348","2022","0.616",".247","-0.014","-0.011","-0.013"
"Seager, Corey","608369","2022","0.772",".242","-0.038","-0.055","-0.041"
"Winker, Jesse","608385","2022","0.688",".251","-0.030","-0.059","-0.032"
"Reyes, Franmil","614177","2022","0.638",".307",".018",".007",".005"
"Swanson, Dansby","621020","2022","0.776",".348",".020","-0.014",".000"
"Newman, Kevin","621028","2022","0.688",".322",".014",".040",".018"
"Taylor, Chris","621035","2022","0.677",".336",".026",".033",".021"
"Correa, Carlos","621043","2022","0.833",".339",".015","-0.017","-0.001"
"Taylor, Tyrone","621438","2022","0.728",".272","-0.003",".030",".007"
"Buxton, Byron","621439","2022","0.832",".244","-0.018",".017","-0.002"
"Ward, Taylor","621493","2022","0.833",".325",".013","-0.001",".001"
"Nido, Tomás","621512","2022","0.600",".314",".001","-0.050","-0.019"
"Wisdom, Patrick","621550","2022","0.724",".274",".019",".046",".021"
"Wendle, Joey","621563","2022","0.657",".293",".009",".029",".013"
"Olson, Matt","621566","2022","0.802",".274","-0.008",".010","-0.003"
"Margot, Manuel","622534","2022","0.700",".332",".010",".018",".009"
"Reyes, Victor","622682","2022","0.651",".322","-0.007","-0.006","-0.008"
"Mateo, Jorge","622761","2022","0.646",".286","-0.001",".035",".009"
"Velazquez, Andrew","623205","2022","0.540",".274","-0.006","-0.008","-0.007"
"Ramírez, Harold","623912","2022","0.747",".350",".025",".022",".017"
"Santander, Anthony","623993","2022","0.773",".248","-0.017","-0.016","-0.016"
"Alonso, Pete","624413","2022","0.870",".279",".009",".032",".013"
"Arroyo, Christian","624414","2022","0.736",".326","-0.006","-0.016","-0.011"
"Biggio, Cavan","624415","2022","0.668",".275",".009",".031",".014"
"Frazier, Adam","624428","2022","0.612",".268","-0.024","-0.028","-0.023"
"Trevino, Jose","624431","2022","0.671",".274",".009",".024",".012"
"Gordon, Nick","624503","2022","0.743",".340",".011","-0.037","-0.012"
"Soler, Jorge","624585","2022","0.695",".256","-0.019","-0.021","-0.017"
"Hernandez, Yadiel","628450","2022","0.722",".326",".022","-0.001",".002"
"Cronenworth, Jake","630105","2022","0.722",".275",".018",".034",".015"
"Pinder, Chad","640461","2022","0.648",".313",".000",".005",".001"
"Anderson, Tim","641313","2022","0.734",".347",".004","-0.037","-0.013"
"Bellinger, Cody","641355","2022","0.654",".255","-0.003",".035",".006"
"Crawford, J.P.","641487","2022","0.675",".275","-0.012","-0.001","-0.009"
"Dozier, Hunter","641531","2022","0.679",".298","-0.005",".000","-0.003"
"Guillorme, Luis","641645","2022","0.691",".317",".018",".005",".009"
"Heim, Jonah","641680","2022","0.697",".249",".003",".038",".015"
"Mancini III, Trey","641820","2022","0.710",".286","-0.006","-0.019","-0.015"
"McMahon, Ryan","641857","2022","0.741",".311","-0.001","-0.009","-0.004"
"O'Neill, Tyler","641933","2022","0.700",".277","-0.009","-0.027","-0.021"
"Tellez, Rowdy","642133","2022","0.767",".215","-0.033","-0.018","-0.022"
"Siri, Jose","642350","2022","0.607",".305",".006",".016",".007"
"Rosario, Amed","642708","2022","0.715",".326",".007",".007",".001"
"Adames, Willy","642715","2022","0.756",".278",".000",".007",".002"
"Estrada, Thairo","642731","2022","0.722",".290",".014",".048",".018"
"Benintendi, Andrew","643217","2022","0.772",".352",".031","-0.008",".008"
"Cooper, Garrett","643265","2022","0.752",".340",".001","-0.021","-0.011"
"Kemp, Tony","643393","2022","0.641",".259",".016",".043",".020"
"Kiner-Falefa, Isiah","643396","2022","0.641",".296","-0.001","-0.006","-0.005"
"McNeil, Jeff","643446","2022","0.836",".353",".046",".065",".042"
"Robles, Victor","645302","2022","0.584",".292",".021",".031",".016"
"Devers, Rafael","646240","2022","0.879",".329",".013",".024",".012"
"Naylor, Josh","647304","2022","0.771",".268","-0.001",".022",".004"
"Toro, Abraham","647351","2022","0.563",".198","-0.041","-0.048","-0.038"
"Díaz, Aledmys","649557","2022","0.690",".256","-0.018",".007","-0.007"
"Urías, Luis","649966","2022","0.739",".274",".001",".006",".001"
"Arraez, Luis","650333","2022","0.795",".331",".028",".012",".017"
"Jiménez, Eloy","650391","2022","0.858",".337",".029","-0.012",".005"
"Torres, Gleyber","650402","2022","0.761",".295",".013",".010",".009"
"Castro, Willi","650489","2022","0.651",".288","-0.016",".032","-0.001"
"Díaz, Yandy","650490","2022","0.824",".323",".008","-0.001",".001"
"De La Cruz, Bryan","650559","2022","0.726",".304","-0.035","-0.066","-0.042"
"Rengifo, Luis","650859","2022","0.723",".285",".010",".037",".018"
"Chapman, Matt","656305","2022","0.757",".277","-0.005","-0.007","-0.010"
"Chavis, Michael","656308","2022","0.654",".294",".012",".053",".021"
"Hoskins, Rhys","656555","2022","0.794",".292",".007",".017",".007"
"Joe, Connor","656582","2022","0.697",".296","-0.003",".019",".003"
"Mullins II, Cedric","656775","2022","0.721",".299",".026",".054",".027"
"Rivera, Emmanuel","656896","2022","0.701",".275","-0.005","-0.001","-0.004"
"Schwarber, Kyle","656941","2022","0.827",".240","-0.019","-0.031","-0.020"
"Thomas, Lane","657041","2022","0.705",".291",".019",".047",".022"
"Verdugo, Alex","657077","2022","0.733",".309",".002","-0.023","-0.010"
"Laureano, Ramón","657656","2022","0.663",".262","-0.008","-0.026","-0.013"
"Sheets, Gavin","657757","2022","0.706",".272",".017",".052",".025"
"Moncada, Yoán","660162","2022","0.626",".265","-0.008","-0.021","-0.014"
"Ohtani, Shohei","660271","2022","0.875",".320","-0.002","-0.030","-0.013"
"Acuña Jr., Ronald","660670","2022","0.764",".331","-0.006","-0.073","-0.031"
"Ruiz, Keibert","660688","2022","0.673",".271","-0.026","-0.043","-0.029"
"Gonzalez, Oscar","660757","2022","0.788",".345",".017",".039",".019"
"Sánchez, Jesús","660821","2022","0.683",".258","-0.008",".024",".003"
"Contreras, William","661388","2022","0.860",".344",".035",".027",".023"
"Varsho, Daulton","662139","2022","0.745",".269",".022",".054",".025"
"Nootbaar, Lars","663457","2022","0.788",".248","-0.019",".034","-0.004"
"Hoerner, Nico","663538","2022","0.737",".300",".011",".043",".019"
"Riley, Austin","663586","2022","0.877",".315",".002","-0.003","-0.001"
"Mountcastle, Ryan","663624","2022","0.728",".303","-0.027","-0.086","-0.046"
"Hayes, Ke'Bryan","663647","2022","0.659",".307","-0.002","-0.005","-0.006"
"Tucker, Kyle","663656","2022","0.808",".261","-0.005","-0.004","-0.005"
"India, Jonathan","663697","2022","0.705",".305",".011",".025",".013"
"Raleigh, Cal","663728","2022","0.773",".226","-0.005",".028",".006"
"Grisham, Trent","663757","2022","0.625",".231","-0.021","-0.017","-0.016"
"Vierling, Matt","663837","2022","0.648",".290","-0.029","-0.053","-0.039"
"Rodgers, Brendan","663898","2022","0.733",".304",".001",".004","-0.005"
"Lowe, Nathaniel","663993","2022","0.850",".363",".027",".033",".024"
"Happ, Ian","664023","2022","0.782",".336",".032",".061",".033"
"France, Ty","664034","2022","0.774",".296",".012",".039",".016"
"Bader, Harrison","664056","2022","0.650",".300",".020",".039",".019"
"Straw, Myles","664702","2022","0.564",".261","-0.015","-0.028","-0.018"
"Bohm, Alec","664761","2022","0.713",".319","-0.010","-0.038","-0.023"
"Brown, Seth","664913","2022","0.749",".273","-0.021","-0.010","-0.015"
"McCarthy, Jake","664983","2022","0.769",".349",".034",".070",".039"
"Walsh, Jared","665120","2022","0.643",".281","-0.006",".006","-0.002"
"Peña, Jeremy","665161","2022","0.715",".298",".001",".024",".005"
"Celestino, Gilberto","665482","2022","0.615",".310",".019",".008",".010"
"Guerrero Jr., Vladimir","665489","2022","0.819",".289","-0.007",".016",".000"
"Soto, Juan","665742","2022","0.853",".249","-0.024","-0.049","-0.025"
"Taveras, Leody","665750","2022","0.675",".344",".035",".048",".030"
"Cruz, Oneil","665833","2022","0.744",".317",".014",".044",".019"
"Giménez, Andrés","665926","2022","0.837",".353",".040",".066",".038"
"Lux, Gavin","666158","2022","0.745",".341",".029",".027",".014"
"Bichette, Bo","666182","2022","0.802",".347",".012",".025",".013"
"Carlson, Dylan","666185","2022","0.696",".281",".002",".025",".005"
"Morel, Christopher","666624","2022","0.741",".320",".006",".002",".001"
"Dalbec, Bobby","666915","2022","0.652",".293","-0.001","-0.010","-0.009"
"García, Adolis","666969","2022","0.756",".309",".006",".009",".002"
"Gurriel Jr., Lourdes","666971","2022","0.743",".346",".018",".000",".006"
"Arozarena, Randy","668227","2022","0.772",".325",".029",".063",".035"
"Reynolds, Bryan","668804","2022","0.806",".306",".013",".045",".020"
"Rutschman, Adley","668939","2022","0.807",".291",".006",".034",".012"
"Rojas, Josh","668942","2022","0.740",".323",".030",".030",".021"
"Melendez Jr., MJ","669004","2022","0.706",".258","-0.020","-0.017","-0.022"
"Marsh, Brandon","669016","2022","0.679",".360",".019",".012",".009"
"Murphy, Sean","669221","2022","0.758",".290","-0.005","-0.013","-0.013"
"Senzel, Nick","669222","2022","0.602",".276","-0.018","-0.049","-0.027"
"Edman, Tommy","669242","2022","0.724",".308",".007",".020",".010"
"Smith, Will","669257","2022","0.808",".276",".003","-0.008","-0.003"
"Suwinski, Jack","669261","2022","0.709",".242","-0.002",".018",".004"
"Espinal, Santiago","669289","2022","0.692",".300",".004",".022",".007"
"Miranda, Jose","669304","2022","0.751",".307",".015",".016",".012"
"Gorman, Nolan","669357","2022","0.720",".301","-0.013","-0.056","-0.025"
"Allen, Nick","669397","2022","0.547",".250","-0.003",".025",".007"
"Hays, Austin","669720","2022","0.719",".289",".010",".041",".016"
"Lopez, Nicky","670032","2022","0.554",".265","-0.016","-0.039","-0.022"
"Alvarez, Yordan","670541","2022","1.019",".320","-0.020","-0.056","-0.033"
"Paredes, Isaac","670623","2022","0.739",".195","-0.005",".087",".026"
"Walls, Taylor","670764","2022","0.553",".221","-0.021","-0.016","-0.016"
"González, Luis","670768","2022","0.677",".312",".036",".051",".031"
"García, Luis","671277","2022","0.703",".337",".015","-0.001","-0.002"
"Harris II, Michael","671739","2022","0.853",".361",".029",".054",".033"
"Kirk, Alejandro","672386","2022","0.787",".299",".007","-0.016","-0.004"
"Perdomo, Geraldo","672695","2022","0.547",".243","-0.018","-0.020","-0.016"
"Robert Jr., Luis","673357","2022","0.745",".329",".012","-0.023","-0.003"
"Kim, Ha-Seong","673490","2022","0.708",".290",".001",".015",".004"
"Suzuki, Seiya","673548","2022","0.769",".326",".015",".015",".008"
"McCormick, Chas","676801","2022","0.739",".308",".013","-0.007",".001"
"Franco, Wander","677551","2022","0.745",".290","-0.008",".009","-0.008"
"Rodríguez, Julio","677594","2022","0.854",".345",".030",".049",".029"
"Thomas, Alek","677950","2022","0.619",".263","-0.007",".009","-0.005"
"Witt Jr., Bobby","677951","2022","0.722",".295",".002",".001","-0.002"
"Torkelson, Spencer","679529","2022","0.604",".255","-0.020","-0.055","-0.030"
"Kwan, Steven","680757","2022","0.773",".323",".030",".059",".029"
"Miller, Owen","680911","2022","0.652",".290","-0.003",".010","-0.004"
"Donovan, Brendan","680977","2022","0.773",".330",".015",".014",".010"
"Stott, Bryson","681082","2022","0.653",".274","-0.003",".018",".005"
"Abrams, CJ","682928","2022","0.604",".291",".005",".008",".001"
"Greene, Riley","682985","2022","0.683",".354",".007","-0.026","-0.013"
"Vaughn, Andrew","683734","2022","0.750",".301",".016",".014",".008"
"Cabrera, Miguel","408234","2023","0.675",".317",".010","-0.010","-0.002"
"Peralta, David","444482","2023","0.675",".296","-0.015","-0.019","-0.019"
"Blackmon, Charlie","453568","2023","0.803",".307",".010",".034",".011"
"Maldonado, Martín","455117","2023","0.606",".260",".004","-0.009","-0.001"
"Solano, Donovan","456781","2023","0.760",".366","-0.002","-0.038","-0.013"
"McCutchen, Andrew","457705","2023","0.775",".312","-0.001","-0.012","-0.008"
"Turner, Justin","457759","2023","0.800",".304",".016",".011",".010"
"Andrus, Elvis","462101","2023","0.662",".294",".020",".045",".023"
"Santana, Carlos","467793","2023","0.747",".255",".000",".051",".015"
"Belt, Brandon","474832","2023","0.859",".370",".042",".053",".033"
"Gurriel Jr., Yuli","493329","2023","0.663",".272",".008",".039",".014"
"Rojas, Miguel","500743","2023","0.612",".255","-0.016","-0.016","-0.017"
"Escobar, Eduardo","500871","2023","0.613",".286",".023",".045",".023"
"Pham, Tommy","502054","2023","0.774",".300","-0.028","-0.029","-0.029"
"Martinez, J.D.","502110","2023","0.893",".324",".000",".019",".000"
"Goldschmidt, Paul","502671","2023","0.810",".327","-0.003","-0.044","-0.017"
"Altuve, Jose","514888","2023","0.915",".348",".066",".103",".062"
"Segura, Jean","516416","2023","0.556",".251","-0.020","-0.061","-0.031"
"Marte, Starling","516782","2023","0.625",".303","-0.013","-0.078","-0.034"
"Freeman, Freddie","518692","2023","0.977",".370",".008",".002",".003"
"Grandal, Yasmani","518735","2023","0.648",".284",".012",".007",".006"
"Heyward, Jason","518792","2023","0.813",".291",".019",".068",".029"
"LeMahieu, DJ","518934","2023","0.717",".295","-0.012","-0.003","-0.007"
"Moustakas, Mike","519058","2023","0.685",".296",".030",".040",".024"
"Rizzo, Anthony","519203","2023","0.706",".298","-0.002","-0.015","-0.007"
"Stanton, Giancarlo","519317","2023","0.695",".210","-0.028","-0.042","-0.028"
"Perez, Salvador","521692","2023","0.714",".294","-0.011","-0.038","-0.023"
"Flores, Wilmer","527038","2023","0.864",".286",".028",".072",".035"
"Bethancourt, Christian","542194","2023","0.635",".278",".010",".005",".005"
"Ozuna, Marcell","542303","2023","0.904",".293","-0.006","-0.019","-0.012"
"Berti, Jon","542932","2023","0.749",".349",".013","-0.006",".001"
"Crawford, Brandon","543063","2023","0.587",".241","-0.025","-0.065","-0.034"
"Gomes, Yan","543228","2023","0.723",".309",".005","-0.001","-0.009"
"Grossman, Robbie","543257","2023","0.734",".292",".014",".044",".017"
"Hicks, Aaron","543305","2023","0.736",".311",".046",".079",".044"
"Semien, Marcus","543760","2023","0.826",".291",".014",".051",".021"
"Springer III, George","543807","2023","0.732",".291","-0.006","-0.017","-0.012"
"Vázquez, Christian","543877","2023","0.598",".279","-0.003","-0.005","-0.004"
"Grichuk, Randal","545341","2023","0.780",".309",".004",".034",".010"
"Trout, Mike","545361","2023","0.857",".335","-0.012","-0.033","-0.021"
"Harper, Bryce","547180","2023","0.900",".352",".003","-0.031","-0.015"
"Abreu, José","547989","2023","0.679",".276","-0.011","-0.026","-0.019"
"Díaz, Elias","553869","2023","0.725",".324",".022",".033",".018"
"Suárez, Eugenio","553993","2023","0.714",".314",".009","-0.028","-0.011"
"Arenado, Nolan","571448","2023","0.774",".279",".000",".024",".007"
"Farmer, Kyle","571657","2023","0.725",".311",".004",".003",".003"
"Hernández, Enrique","571771","2023","0.646",".273",".013",".020",".010"
"Muncy, Max","571970","2023","0.808",".221","-0.023","-0.029","-0.020"
"Taylor, Michael A.","572191","2023","0.720",".278","-0.002",".009",".002"
"Walker, Christian","572233","2023","0.830",".272",".007",".037",".012"
"Yastrzemski, Mike","573262","2023","0.775",".286",".001",".026",".008"
"Contreras, Willson","575929","2023","0.825",".311","-0.015","-0.023","-0.015"
"Bryant, Kris","592178","2023","0.680",".270","-0.012","-0.046","-0.021"
"Canha, Mark","592192","2023","0.755",".293",".014",".019",".010"
"Castellanos, Nick","592206","2023","0.787",".337",".014",".033",".015"
"Drury, Brandon","592273","2023","0.803",".308",".010",".057",".021"
"Judge, Aaron","592450","2023","1.019",".300","-0.022","-0.099","-0.041"
"Machado, Manny","592518","2023","0.781",".268",".004",".004",".002"
"Pederson, Joc","592626","2023","0.764",".268","-0.029","-0.065","-0.035"
"Realmuto, J.T.","592663","2023","0.762",".307","-0.002","-0.010","-0.010"
"Renfroe, Hunter","592669","2023","0.713",".270",".008",".050",".019"
"Rosario, Eddie","592696","2023","0.755",".300",".001",".014",".005"
"Yelich, Christian","592885","2023","0.817",".342","-0.006","-0.013","-0.009"
"Merrifield, Whit","593160","2023","0.700",".313",".030",".047",".028"
"Bogaerts, Xander","593428","2023","0.790",".319",".030",".039",".025"
"Polanco, Jorge","593871","2023","0.789",".310",".005","-0.027","-0.008"
"Duvall, Adam","594807","2023","0.834",".299",".037",".095",".043"
"Kiermaier, Kevin","595281","2023","0.741",".321",".006",".065",".020"
"Profar, Jurickson","595777","2023","0.689",".279","-0.005",".019","-0.002"
"Báez, Javier","595879","2023","0.592",".274","-0.012","-0.030","-0.018"
"Lindor, Francisco","596019","2023","0.806",".277","-0.001",".013",".000"
"Vogelbach, Daniel","596129","2023","0.743",".282",".004",".003",".003"
"Kepler, Max","596146","2023","0.816",".288","-0.011","-0.019","-0.014"
"Candelario, Jeimer","600869","2023","0.807",".292",".015",".064",".028"
"Urías, Ramón","602104","2023","0.703",".355",".038",".039",".029"
"Anderson, Brian","605119","2023","0.678",".309","-0.005","-0.023","-0.017"
"Bell, Josh","605137","2023","0.744",".287","-0.016","-0.038","-0.022"
"Betts, Mookie","605141","2023","0.987",".316",".013",".016",".009"
"Davis, J.D.","605204","2023","0.737",".320",".004",".001","-0.002"
"Arcia, Orlando","606115","2023","0.741",".301",".017",".022",".014"
"Hernández, Teoscar","606192","2023","0.740",".342",".000","-0.041","-0.019"
"Marte, Ketel","606466","2023","0.843",".300",".010",".058",".019"
"Nimmo, Brandon","607043","2023","0.829",".324",".013",".013",".007"
"Peterson, Jace","607054","2023","0.611",".270","-0.005","-0.025","-0.012"
"Turner, Trea","607208","2023","0.779",".310",".000",".012",".003"
"Ramírez, José","608070","2023","0.831",".285","-0.017","-0.005","-0.013"
"Bregman, Alex","608324","2023","0.804",".270","-0.004",".011",".000"
"Gallo, Joey","608336","2023","0.741",".244",".028",".041",".025"
"Seager, Corey","608369","2023","1.013",".340",".013",".011",".007"
"Meneses, Joey","608841","2023","0.722",".329",".028",".040",".026"
"Swanson, Dansby","621020","2023","0.744",".297","-0.011","-0.042","-0.020"
"Taylor, Chris","621035","2023","0.746",".327",".015",".018",".011"
"Correa, Carlos","621043","2023","0.711",".272","-0.023","-0.022","-0.021"
"Buxton, Byron","621439","2023","0.732",".253","-0.005",".013","-0.005"
"Ward, Taylor","621493","2023","0.756",".284","-0.001","-0.009","-0.009"
"Wisdom, Patrick","621550","2023","0.789",".237","-0.013",".002","-0.006"
"Wendle, Joey","621563","2023","0.554",".264","-0.021","-0.020","-0.021"
"Olson, Matt","621566","2023","0.993",".302",".019",".046",".021"
"Margot, Manuel","622534","2023","0.686",".306",".002",".008","-0.002"
"Mateo, Jorge","622761","2023","0.607",".267","-0.023","-0.031","-0.024"
"Ramírez, Harold","623912","2023","0.813",".359",".042",".047",".030"
"Santander, Anthony","623993","2023","0.797",".299",".020",".046",".021"
"Alonso, Pete","624413","2023","0.822",".205","-0.029","-0.023","-0.022"
"Biggio, Cavan","624415","2023","0.710",".304",".009",".000",".004"
"Conforto, Michael","624424","2023","0.718",".284","-0.006","-0.032","-0.015"
"Frazier, Adam","624428","2023","0.696",".258","-0.021",".035",".001"
"Soler, Jorge","624585","2023","0.853",".272","-0.012","-0.020","-0.013"
"Sosa, Edmundo","624641","2023","0.720",".306",".013",".035",".017"
"Ibáñez, Andy","628451","2023","0.745",".300","-0.007","-0.013","-0.011"
"Cronenworth, Jake","630105","2023","0.690",".267","-0.009",".008","-0.004"
"Anderson, Tim","641313","2023","0.582",".323","-0.007","-0.039","-0.019"
"Bellinger, Cody","641355","2023","0.881",".319",".039",".091",".043"
"Crawford, J.P.","641487","2023","0.818",".314",".006",".054",".019"
"Fraley, Jake","641584","2023","0.782",".283","-0.005",".041",".010"
"Garver, Mitch","641598","2023","0.870",".313",".015",".007",".009"
"Heim, Jonah","641680","2023","0.755",".289",".002",".003",".000"
"McMahon, Ryan","641857","2023","0.753",".326","-0.005","-0.014","-0.010"
"Smith, Dominic","642086","2023","0.692",".286","-0.002","-0.031","-0.014"
"Tellez, Rowdy","642133","2023","0.667",".249","-0.023",".002","-0.018"
"Thaiss, Matt","642136","2023","0.659",".272","-0.018","-0.068","-0.036"
"Siri, Jose","642350","2023","0.761",".269",".010",".052",".021"
"Rosario, Amed","642708","2023","0.683",".314","-0.008","-0.002","-0.008"
"Adames, Willy","642715","2023","0.717",".259","-0.023","-0.029","-0.024"
"Estrada, Thairo","642731","2023","0.731",".331",".023",".045",".024"
"Benintendi, Andrew","643217","2023","0.682",".301","-0.008","-0.019","-0.011"
"Cooper, Garrett","643265","2023","0.723",".324","-0.001","-0.011","-0.005"
"Dubón, Mauricio","643289","2023","0.720",".308",".003",".022",".008"
"Jansen, Danny","643376","2023","0.786",".233",".009",".053",".020"
"Kemp, Tony","643393","2023","0.607",".221","-0.032","-0.017","-0.021"
"Kiner-Falefa, Isiah","643396","2023","0.646",".289","-0.012","-0.008","-0.009"
"McNeil, Jeff","643446","2023","0.711",".288",".019",".038",".020"
"Tauchman, Mike","643565","2023","0.739",".313","-0.015","-0.023","-0.015"
"Albies, Ozzie","645277","2023","0.849",".289",".014",".046",".018"
"Devers, Rafael","646240","2023","0.851",".292","-0.011","-0.039","-0.021"
"Naylor, Josh","647304","2023","0.843",".326",".015",".011",".008"
"Díaz, Aledmys","649557","2023","0.617",".273","-0.006",".010","-0.003"
"Arraez, Luis","650333","2023","0.862",".362",".025",".011",".015"
"Jiménez, Eloy","650391","2023","0.758",".305",".014",".015",".011"
"Torres, Gleyber","650402","2023","0.800",".288","-0.009","-0.025","-0.016"
"Castro, Willi","650489","2023","0.750",".328",".026",".050",".026"
"Díaz, Yandy","650490","2023","0.932",".367",".025",".035",".019"
"De La Cruz, Bryan","650559","2023","0.715",".307","-0.016","-0.034","-0.022"
"Rengifo, Luis","650859","2023","0.783",".293",".018",".041",".016"
"Monasterio, Andruw","655316","2023","0.678",".326",".011","-0.025","-0.006"
"Chapman, Matt","656305","2023","0.754",".319",".010","-0.033","-0.009"
"Joe, Connor","656582","2023","0.760",".311","-0.001",".017",".003"
"McKinstry, Zach","656716","2023","0.653",".284","-0.016","-0.044","-0.023"
"Mullins II, Cedric","656775","2023","0.721",".271",".006",".060",".020"
"O'Hearn, Ryan","656811","2023","0.802",".340",".025",".016",".015"
"Schwarber, Kyle","656941","2023","0.817",".209","-0.023","-0.011","-0.014"
"Thomas, Lane","657041","2023","0.783",".325",".013",".032",".015"
"Verdugo, Alex","657077","2023","0.745",".294","-0.014",".004","-0.009"
"Wong, Connor","657136","2023","0.672",".341",".024",".024",".018"
"DeJong, Paul","657557","2023","0.613",".264","-0.012","-0.006","-0.012"
"Laureano, Ramón","657656","2023","0.675",".301","-0.008","-0.008","-0.009"
"Sheets, Gavin","657757","2023","0.598",".222","-0.007","-0.008","-0.006"
"Olivares, Edward","658668","2023","0.769",".289","-0.007","-0.004","-0.009"
"Moncada, Yoán","660162","2023","0.730",".350",".003","-0.001",".001"
"Ohtani, Shohei","660271","2023","1.066",".342",".009",".016",".006"
"Acuña Jr., Ronald","660670","2023","1.012",".338","-0.020","-0.064","-0.032"
"Ruiz, Keibert","660688","2023","0.717",".263","-0.014","-0.016","-0.012"
"Montero, Elehuris","660707","2023","0.716",".352",".042",".111",".052"
"Sánchez, Jesús","660821","2023","0.777",".321","-0.012","-0.023","-0.016"
"Contreras, William","661388","2023","0.824",".348",".034",".024",".022"
"Varsho, Daulton","662139","2023","0.674",".256","-0.012","-0.005","-0.009"
"Nootbaar, Lars","663457","2023","0.785",".307","-0.004","-0.018","-0.012"
"Hoerner, Nico","663538","2023","0.729",".312",".010",".027",".011"
"Riley, Austin","663586","2023","0.861",".324",".008",".000","-0.002"
"Mountcastle, Ryan","663624","2023","0.780",".315","-0.003","-0.051","-0.023"
"Hayes, Ke'Bryan","663647","2023","0.762",".315",".001",".017",".003"
"Tucker, Kyle","663656","2023","0.886",".289","-0.008","-0.013","-0.014"
"India, Jonathan","663697","2023","0.745",".281","-0.008","-0.017","-0.012"
"Raleigh, Cal","663728","2023","0.762",".273","-0.001","-0.010","-0.004"
"Fortes, Nick","663743","2023","0.562",".234","-0.006","-0.025","-0.011"
"Grisham, Trent","663757","2023","0.667",".264","-0.020","-0.044","-0.023"
"Vierling, Matt","663837","2023","0.717",".321","-0.005","-0.008","-0.007"
"Stephenson, Tyler","663886","2023","0.695",".314",".000","-0.019","-0.009"
"Lowe, Nathaniel","663993","2023","0.774",".329","-0.001",".008",".001"
"Happ, Ian","664023","2023","0.791",".299","-0.006",".004","-0.005"
"France, Ty","664034","2023","0.703",".294","-0.020","-0.054","-0.027"
"Lowe, Brandon","664040","2023","0.771",".275","-0.004","-0.006","-0.007"
"Bader, Harrison","664056","2023","0.622",".261","-0.002","-0.027","-0.017"
"Straw, Myles","664702","2023","0.598",".295","-0.001","-0.003","-0.004"
"Isbel, Kyle","664728","2023","0.662",".283","-0.007",".005","-0.003"
"Bohm, Alec","664761","2023","0.764",".296","-0.016","-0.016","-0.014"
"Wade Jr., LaMonte","664774","2023","0.790",".290","-0.005","-0.033","-0.013"
"Brown, Seth","664913","2023","0.691",".270","-0.015","-0.046","-0.024"
"McCarthy, Jake","664983","2023","0.644",".305",".001","-0.005","-0.004"
"Peña, Jeremy","665161","2023","0.705",".323","-0.002",".005",".000"
"Tatis Jr., Fernando","665487","2023","0.771",".299","-0.024","-0.059","-0.032"
"Guerrero Jr., Vladimir","665489","2023","0.789",".277","-0.035","-0.059","-0.038"
"Soto, Juan","665742","2023","0.929",".296","-0.009","-0.019","-0.013"
"Taveras, Leody","665750","2023","0.733",".318","-0.004",".014","-0.003"
"Cabrera, Oswaldo","665828","2023","0.574",".260",".000","-0.010","-0.003"
"Chisholm Jr., Jazz","665862","2023","0.761",".318",".026",".026",".018"
"Ruiz, Esteury","665923","2023","0.654",".315",".020",".029",".019"
"Giménez, Andrés","665926","2023","0.713",".289",".006",".032",".012"
"Jones, Nolan","666134","2023","0.931",".401",".048",".043",".033"
"Kirilloff, Alex","666135","2023","0.793",".337",".009",".020",".009"
"Lowe, Josh","666139","2023","0.835",".357",".016",".020",".013"
"Moniak, Mickey","666160","2023","0.802",".397",".032",".045",".031"
"Sabol, Blake","666165","2023","0.695",".330",".036",".025",".023"
"Benson, Will","666181","2023","0.863",".391",".045",".100",".048"
"Bichette, Bo","666182","2023","0.814",".355","-0.006","-0.027","-0.014"
"Julien, Edouard","666397","2023","0.840",".371",".030",".032",".021"
"Morel, Christopher","666624","2023","0.821",".303",".003",".023",".007"
"García, Adolis","666969","2023","0.836",".280","-0.005","-0.018","-0.012"
"Gurriel Jr., Lourdes","666971","2023","0.772",".282","-0.003",".024",".005"
"Julks, Corey","667452","2023","0.649",".306","-0.003","-0.021","-0.009"
"Rooker Jr., Brent","667670","2023","0.817",".317",".009",".010",".005"
"Arozarena, Randy","668227","2023","0.789",".310",".011","-0.010","-0.004"
"Pratto, Nick","668472","2023","0.660",".388",".023",".014",".014"
"Rogers, Jake","668670","2023","0.730",".268","-0.006","-0.005","-0.009"
"Bleday, JJ","668709","2023","0.665",".226","-0.009",".003","-0.003"
"Steer, Spencer","668715","2023","0.820",".318",".019",".047",".022"
"Baddoo, Akil","668731","2023","0.682",".268",".000",".001","-0.002"
"Reynolds, Bryan","668804","2023","0.790",".304","-0.017","-0.030","-0.022"
"Turang, Brice","668930","2023","0.585",".268","-0.006","-0.021","-0.012"
"Rutschman, Adley","668939","2023","0.809",".303","-0.015","-0.034","-0.021"
"Rojas, Josh","668942","2023","0.641",".313",".015",".007",".006"
"Melendez Jr., MJ","669004","2023","0.714",".311",".000","-0.034","-0.015"
"Marsh, Brandon","669016","2023","0.830",".397",".043",".067",".036"
"Langeliers, Shea","669127","2023","0.681",".246","-0.006","-0.010","-0.007"
"Murphy, Sean","669221","2023","0.843",".286","-0.023","-0.059","-0.029"
"Senzel, Nick","669222","2023","0.696",".269","-0.009",".032",".006"
"Edman, Tommy","669242","2023","0.706",".275","-0.014",".009","-0.006"
"Smith, Will","669257","2023","0.797",".277","-0.001",".003","-0.007"
"Suwinski, Jack","669261","2023","0.793",".290",".006","-0.007","-0.005"
"Gorman, Nolan","669357","2023","0.806",".296","-0.001","-0.020","-0.009"
"Burger, Jake","669394","2023","0.827",".284","-0.020",".006","-0.010"
"Allen, Nick","669397","2023","0.550",".253",".000","-0.001","-0.005"
"Hays, Austin","669720","2023","0.769",".345",".033",".024",".021"
"Call, Alex","669743","2023","0.614",".230","-0.014","-0.028","-0.016"
"Raley, Luke","670042","2023","0.823",".330",".024",".053",".026"
"Alvarez, Yordan","670541","2023","0.990",".306","-0.004","-0.040","-0.020"
"Paredes, Isaac","670623","2023","0.840",".257",".020",".119",".047"
"Walls, Taylor","670764","2023","0.638",".261",".001",".038",".013"
"Friedl Jr., TJ","670770","2023","0.819",".308",".039",".146",".064"
"Casas, Triston","671213","2023","0.857",".317",".010","-0.010","-0.003"
"Waters, Drew","671221","2023","0.677",".321","-0.007","-0.035","-0.017"
"García, Luis","671277","2023","0.689",".286",".003","-0.019","-0.011"
"Harris II, Michael","671739","2023","0.808",".334","-0.011","-0.013","-0.012"
"Bailey, Patrick","672275","2023","0.644",".314","-0.016","-0.061","-0.031"
"Kelenic, Jarred","672284","2023","0.746",".359","-0.011","-0.016","-0.012"
"Arias, Gabriel","672356","2023","0.627",".290","-0.020","-0.055","-0.028"
"Kirk, Alejandro","672386","2023","0.692",".265","-0.006","-0.028","-0.012"
"Moreno, Gabriel","672515","2023","0.747",".338",".018",".021",".011"
"Garcia, Maikel","672580","2023","0.681",".344","-0.002","-0.035","-0.020"
"Perdomo, Geraldo","672695","2023","0.712",".295",".042",".087",".044"
"Diaz, Yainer","673237","2023","0.846",".292","-0.003","-0.001","-0.003"
"Robert Jr., Luis","673357","2023","0.857",".314",".005",".027",".011"
"Kim, Ha-Seong","673490","2023","0.749",".306",".015",".039",".017"
"Suzuki, Seiya","673548","2023","0.842",".341",".002",".016",".001"
"Jung, Josh","673962","2023","0.782",".340",".006","-0.015","-0.003"
"Noda, Ryan","676116","2023","0.770",".347",".016",".014",".008"
"Burleson, Alec","676475","2023","0.690",".261","-0.033","-0.059","-0.037"
"Meyers, Jake","676694","2023","0.678",".283",".014",".025",".014"
"McCormick, Chas","676801","2023","0.842",".331",".027",".032",".021"
"Franco, Wander","677551","2023","0.819",".297","-0.019","-0.009","-0.015"
"Rodríguez, Julio","677594","2023","0.818",".330",".001",".010",".002"
"Duran, Ezequiel","677649","2023","0.767",".358",".020",".009",".011"
"Thomas, Alek","677950","2023","0.647",".273","-0.021",".001","-0.013"
"Witt Jr., Bobby","677951","2023","0.814",".295","-0.018","-0.038","-0.026"
"Bae, Ji Hwan","678225","2023","0.607",".310",".009",".018",".008"
"Vargas, Miguel","678246","2023","0.672",".224","-0.015",".014","-0.009"
"Tovar, Ezequiel","678662","2023","0.695",".328",".005",".022",".007"
"Torkelson, Spencer","679529","2023","0.759",".269","-0.018","-0.038","-0.023"
"McLain, Matt","680574","2023","0.864",".385",".034",".071",".038"
"Kwan, Steven","680757","2023","0.710",".294","-0.014",".012","-0.004"
"Duran, Jarren","680776","2023","0.828",".381",".024",".077",".031"
"Jeffers, Ryan","680777","2023","0.859",".359",".043",".058",".036"
"Gelof, Zack","680869","2023","0.841",".331",".014",".056",".024"
"Miller, Owen","680911","2023","0.674",".310",".009",".012",".004"
"Donovan, Brendan","680977","2023","0.787",".311","-0.003","-0.016","-0.009"
"Stott, Bryson","681082","2023","0.748",".312",".013",".033",".014"
"Carpenter, Kerry","681481","2023","0.811",".338",".020",".011",".011"
"Outman, James","681546","2023","0.790",".343",".020",".041",".019"
"Alvarez, Francisco","682626","2023","0.721",".222",".000",".015",".005"
"De La Cruz, Elly","682829","2023","0.710",".336","-0.005",".019",".002"
"Abrams, CJ","682928","2023","0.712",".279","-0.002",".013",".002"
"Greene, Riley","682985","2023","0.796",".384","-0.001","-0.052","-0.021"
"Carroll, Corbin","682998","2023","0.868",".325",".017",".065",".026"
"Henderson, Gunnar","683002","2023","0.814",".306","-0.006",".017",".000"
"Volpe, Anthony","683011","2023","0.666",".259","-0.024","-0.013","-0.018"
"Baty, Brett","683146","2023","0.598",".280","-0.025","-0.059","-0.034"
"Vaughn, Andrew","683734","2023","0.743",".299",".006",".002",".002"
"Doyle, Brenton","686668","2023","0.593",".295",".003","-0.001","-0.001"
"Massey, Michael","686681","2023","0.655",".261","-0.031","-0.051","-0.036"
"Brennan, Will","686823","2023","0.655",".296","-0.020","-0.022","-0.020"
"Wiemer Jr., Joey","686894","2023","0.645",".258","-0.005","-0.008","-0.005"
"Neto, Zach","687263","2023","0.685",".272","-0.001","-0.026","-0.010"
"Walker, Jordan","691023","2023","0.787",".331",".009",".019",".009"
"Yoshida, Masataka","807799","2023","0.783",".316",".016",".020",".014"
"Blackmon, Charlie","453568","2024","0.741",".293",".007",".047",".017"
"Solano, Donovan","456781","2024","0.760",".346",".029",".039",".026"
"McCutchen, Andrew","457705","2024","0.739",".283",".005","-0.010","-0.002"
"Turner, Justin","457759","2024","0.737",".299",".007",".000","-0.001"
"Santana, Carlos","467793","2024","0.748",".252","-0.008",".005","-0.004"
"Rojas, Miguel","500743","2024","0.747",".301",".000",".045",".013"
"Pham, Tommy","502054","2024","0.673",".307","-0.015","-0.039","-0.022"
"Martinez, J.D.","502110","2024","0.726",".308","-0.021","-0.066","-0.033"
"Goldschmidt, Paul","502671","2024","0.716",".308","-0.010","-0.036","-0.019"
"Altuve, Jose","514888","2024","0.789",".337",".033",".040",".028"
"Marte, Starling","516782","2024","0.715",".333","-0.018","-0.037","-0.024"
"d'Arnaud, Travis","518595","2024","0.738",".280",".002",".002","-0.003"
"Freeman, Freddie","518692","2024","0.854",".306",".004",".010","-0.002"
"Rizzo, Anthony","519203","2024","0.636",".259","-0.012","-0.005","-0.012"
"Stanton, Giancarlo","519317","2024","0.773",".281","-0.016","-0.034","-0.022"
"Perez, Salvador","521692","2024","0.786",".302","-0.004","-0.066","-0.025"
"Ozuna, Marcell","542303","2024","0.924",".359",".015","-0.027","-0.007"
"Semien, Marcus","543760","2024","0.699",".250","-0.014",".000","-0.007"
"Springer III, George","543807","2024","0.674",".245","-0.024","-0.031","-0.024"
"Vázquez, Christian","543877","2024","0.575",".257","-0.013","-0.024","-0.017"
"Vargas, Ildemaro","545121","2024","0.611",".269","-0.009","-0.006","-0.009"
"Harper, Bryce","547180","2024","0.898",".331",".018",".051",".023"
"Díaz, Elias","553869","2024","0.695",".317",".023",".039",".023"
"Suárez, Eugenio","553993","2024","0.788",".309",".009",".022",".007"
"Urshela, Gio","570482","2024","0.647",".278","-0.014","-0.028","-0.021"
"Arenado, Nolan","571448","2024","0.719",".296",".017",".038",".018"
"Haniger, Mitch","571745","2024","0.620",".276","-0.008","-0.030","-0.015"
"Hernández, Enrique","571771","2024","0.654",".257","-0.004",".011",".000"
"Singleton, Jon","572138","2024","0.707",".299",".006",".004",".002"
"Taylor, Michael A.","572191","2024","0.543",".288","-0.011","-0.043","-0.028"
"Walker, Christian","572233","2024","0.803",".287",".005",".011","-0.008"
"Yastrzemski, Mike","573262","2024","0.739",".282",".012",".040",".018"
"Contreras, Willson","575929","2024","0.848",".337",".004",".013",".005"
"Canha, Mark","592192","2024","0.690",".298",".030",".040",".022"
"Castellanos, Nick","592206","2024","0.742",".294","-0.017","-0.010","-0.012"
"Drury, Brandon","592273","2024","0.470",".210","-0.033","-0.059","-0.042"
"Judge, Aaron","592450","2024","1.159",".367",".012","-0.022","-0.003"
"Machado, Manny","592518","2024","0.797",".302",".003",".011",".002"
"Pederson, Joc","592626","2024","0.908",".322",".011",".035",".013"
"Realmuto, J.T.","592663","2024","0.751",".328","-0.002","-0.030","-0.013"
"Renfroe, Hunter","592669","2024","0.689",".254",".006",".030",".011"
"Rosario, Eddie","592696","2024","0.531",".196","-0.036","-0.024","-0.027"
"Yelich, Christian","592885","2024","0.910",".366",".021",".033",".018"
"Merrifield, Whit","593160","2024","0.625",".257","-0.020","-0.003","-0.012"
"Bogaerts, Xander","593428","2024","0.688",".297",".002","-0.001","-0.005"
"Polanco, Jorge","593871","2024","0.653",".275","-0.012","-0.043","-0.021"
"Duvall, Adam","594807","2024","0.568",".227","-0.015","-0.064","-0.031"
"Profar, Jurickson","595777","2024","0.839",".302","-0.002",".015",".001"
"Cave, Jake","595909","2024","0.686",".335",".018",".039",".018"
"Lindor, Francisco","596019","2024","0.844",".295","-0.010","-0.028","-0.016"
"Kepler, Max","596146","2024","0.682",".300",".006","-0.001","-0.003"
"Candelario, Jeimer","600869","2024","0.708",".257",".004",".065",".024"
"Urías, Ramón","602104","2024","0.745",".280",".006","-0.006","-0.003"
"Bell, Josh","605137","2024","0.724",".286",".010",".009",".007"
"Betts, Mookie","605141","2024","0.863",".294",".007",".044",".015"
"Arcia, Orlando","606115","2024","0.625",".249",".012",".031",".012"
"Hernández, Teoscar","606192","2024","0.840",".344",".022",".015",".014"
"Marte, Ketel","606466","2024","0.932",".299","-0.002",".022","-0.001"
"Nimmo, Brandon","607043","2024","0.726",".267","-0.020","-0.009","-0.014"
"Turner, Trea","607208","2024","0.807",".331",".031",".050",".031"
"Pillar, Kevin","607680","2024","0.668",".271",".008",".048",".018"
"Ramírez, José","608070","2024","0.872",".265",".020",".084",".035"
"Bregman, Alex","608324","2024","0.768",".264",".003",".036",".012"
"Kelly, Carson","608348","2024","0.687",".266",".003","-0.027","-0.010"
"Seager, Corey","608369","2024","0.865",".291","-0.011","-0.049","-0.025"
"Winker, Jesse","608385","2024","0.765",".304",".008",".021",".009"
"Refsnyder, Rob","608701","2024","0.830",".359",".031",".059",".032"
"Meneses, Joey","608841","2024","0.593",".281",".008","-0.024","-0.011"
"Andujar, Miguel","609280","2024","0.697",".319",".020",".034",".020"
"Swanson, Dansby","621020","2024","0.702",".300","-0.002","-0.026","-0.014"
"Newman, Kevin","621028","2024","0.686",".322",".022",".052",".027"
"Correa, Carlos","621043","2024","0.905",".343",".032",".062",".027"
"Taylor, Tyrone","621438","2024","0.700",".309","-0.001",".012",".003"
"Buxton, Byron","621439","2024","0.859",".338",".015",".022",".013"
"Ward, Taylor","621493","2024","0.749",".294","-0.005","-0.032","-0.019"
"Olson, Matt","621566","2024","0.790",".293",".000",".009","-0.002"
"Margot, Manuel","622534","2024","0.626",".273","-0.023","-0.042","-0.032"
"Santander, Anthony","623993","2024","0.814",".225",".007",".061",".021"
"Alonso, Pete","624413","2024","0.788",".276","-0.002","-0.002","-0.003"
"Conforto, Michael","624424","2024","0.759",".277","-0.020","-0.029","-0.023"
"Soler, Jorge","624585","2024","0.780",".293","-0.003","-0.005","-0.006"
"Cronenworth, Jake","630105","2024","0.714",".274","-0.018","-0.030","-0.020"
"Bauers, Jake","641343","2024","0.662",".279","-0.002","-0.018","-0.008"
"Bellinger, Cody","641355","2024","0.751",".287",".024",".035",".021"
"Crawford, J.P.","641487","2024","0.625",".248","-0.025","-0.042","-0.026"
"Fraley, Jake","641584","2024","0.716",".331",".032",".063",".029"
"Garver, Mitch","641598","2024","0.627",".216","-0.008",".006","-0.004"
"Heim, Jonah","641680","2024","0.603",".246","-0.008","-0.020","-0.012"
"McMahon, Ryan","641857","2024","0.722",".320","-0.001","-0.017","-0.010"
"O'Neill, Tyler","641933","2024","0.847",".305",".028",".031",".021"
"Smith, Dominic","642086","2024","0.691",".301",".014","-0.005",".004"
"Tellez, Rowdy","642133","2024","0.691",".280",".006","-0.002","-0.001"
"Siri, Jose","642350","2024","0.621",".261","-0.013","-0.043","-0.026"
"Rosario, Amed","642708","2024","0.686",".350",".030",".021",".019"
"Adames, Willy","642715","2024","0.793",".297",".008",".001",".003"
"Estrada, Thairo","642731","2024","0.590",".249","-0.009",".005","-0.007"
"Benintendi, Andrew","643217","2024","0.685",".245","-0.014",".007","-0.005"
"Dubón, Mauricio","643289","2024","0.657",".299",".021",".031",".014"
"Jansen, Danny","643376","2024","0.658",".227",".004",".017",".005"
"Kiner-Falefa, Isiah","643396","2024","0.682",".307",".018",".030",".016"
"McNeil, Jeff","643446","2024","0.692",".256",".003",".048",".016"
"Tauchman, Mike","643565","2024","0.723",".302",".006","-0.014","-0.005"
"Albies, Ozzie","645277","2024","0.707",".274",".005",".017",".005"
"Devers, Rafael","646240","2024","0.870",".323",".000",".007",".000"
"Naylor, Josh","647304","2024","0.776",".246","-0.014",".013","-0.003"
"Toro, Abraham","647351","2024","0.643",".279","-0.005","-0.015","-0.008"
"Arraez, Luis","650333","2024","0.738",".324",".004","-0.008","-0.002"
"Jiménez, Eloy","650391","2024","0.625",".285","-0.010","-0.046","-0.024"
"Torres, Gleyber","650402","2024","0.708",".306",".017",".010",".006"
"Castro, Willi","650489","2024","0.716",".315",".003",".004","-0.003"
"Díaz, Yandy","650490","2024","0.755",".314",".004","-0.009","-0.005"
"De La Cruz, Bryan","650559","2024","0.655",".289","-0.009","-0.035","-0.019"
"Rengifo, Luis","650859","2024","0.764",".339",".038",".065",".040"
"Chapman, Matt","656305","2024","0.791",".293","-0.003",".012","-0.001"
"Hoskins, Rhys","656555","2024","0.722",".250",".012",".032",".012"
"Joe, Connor","656582","2024","0.688",".278",".022",".060",".028"
"McKinstry, Zach","656716","2024","0.614",".265","-0.023","-0.027","-0.024"
"Mullins II, Cedric","656775","2024","0.710",".261",".007",".050",".019"
"O'Hearn, Ryan","656811","2024","0.761",".282","-0.014","-0.034","-0.021"
"Rivera, Emmanuel","656896","2024","0.655",".296","-0.012","-0.040","-0.027"
"Schwarber, Kyle","656941","2024","0.851",".301","-0.008","-0.027","-0.014"
"Thomas, Lane","657041","2024","0.709",".298","-0.005",".023",".002"
"Verdugo, Alex","657077","2024","0.647",".253","-0.017","-0.017","-0.019"
"Wong, Connor","657136","2024","0.758",".348",".049",".070",".042"
"DeJong, Paul","657557","2024","0.703",".285",".009",".032",".011"
"Laureano, Ramón","657656","2024","0.748",".350",".024",".007",".013"
"Sheets, Gavin","657757","2024","0.660",".281","-0.018","-0.023","-0.018"
"Ohtani, Shohei","660271","2024","1.036",".336","-0.004","-0.014","-0.011"
"Ruiz, Keibert","660688","2024","0.619",".232","-0.022",".009","-0.011"
"Sánchez, Jesús","660821","2024","0.730",".315","-0.012","-0.051","-0.026"
"Contreras, William","661388","2024","0.831",".330",".012","-0.005",".001"
"Varsho, Daulton","662139","2024","0.700",".262",".028",".091",".043"
"Perkins, Blake","663368","2024","0.648",".313",".022",".021",".013"
"Nootbaar, Lars","663457","2024","0.759",".281","-0.020","-0.038","-0.024"
"Hoerner, Nico","663538","2024","0.708",".297","-0.007",".020",".000"
"Riley, Austin","663586","2024","0.783",".310","-0.011","-0.044","-0.023"
"Larnach, Trevor","663616","2024","0.772",".304",".000","-0.024","-0.009"
"Mountcastle, Ryan","663624","2024","0.733",".327","-0.001","-0.020","-0.016"
"Hayes, Ke'Bryan","663647","2024","0.573",".279","-0.011","-0.037","-0.023"
"Tucker, Kyle","663656","2024","0.993",".282",".010",".049",".019"
"India, Jonathan","663697","2024","0.749",".292","-0.018","-0.020","-0.019"
"Raleigh, Cal","663728","2024","0.748",".251","-0.013","-0.040","-0.023"
"Fortes, Nick","663743","2024","0.577",".246",".002",".028",".007"
"Vierling, Matt","663837","2024","0.735",".303",".001",".030",".008"
"Stephenson, Tyler","663886","2024","0.782",".307",".017",".041",".017"
"Rodgers, Brendan","663898","2024","0.721",".338",".019",".030",".019"
"Lowe, Nathaniel","663993","2024","0.762",".324",".013",".021",".009"
"Happ, Ian","664023","2024","0.782",".299",".000","-0.005","-0.004"
"France, Ty","664034","2024","0.670",".277",".006","-0.022","-0.007"
"Lowe, Brandon","664040","2024","0.784",".287","-0.010","-0.012","-0.011"
"Bader, Harrison","664056","2024","0.657",".276","-0.006","-0.004","-0.009"
"Moore, Dylan","664238","2024","0.687",".267",".000",".043",".009"
"Isbel, Kyle","664728","2024","0.654",".276","-0.005",".034",".005"
"Bohm, Alec","664761","2024","0.780",".305","-0.008",".004","-0.007"
"Wade Jr., LaMonte","664774","2024","0.761",".331",".001","-0.047","-0.017"
"Brown, Seth","664913","2024","0.661",".291","-0.001","-0.008","-0.005"
"McCarthy, Jake","664983","2024","0.749",".329",".020",".041",".018"
"Peña, Jeremy","665161","2024","0.702",".301",".003",".000","-0.005"
"Tatis Jr., Fernando","665487","2024","0.832",".316","-0.022","-0.046","-0.028"
"Guerrero Jr., Vladimir","665489","2024","0.940",".342",".002","-0.023","-0.010"
"Soto, Juan","665742","2024","0.988",".298","-0.028","-0.077","-0.041"
"Taveras, Leody","665750","2024","0.641",".272","-0.011","-0.016","-0.013"
"Amaya, Miguel","665804","2024","0.645",".261","-0.019","-0.014","-0.017"
"Cabrera, Oswaldo","665828","2024","0.661",".286","-0.001",".031",".005"
"Cruz, Oneil","665833","2024","0.773",".347","-0.004","-0.012","-0.009"
"Chisholm Jr., Jazz","665862","2024","0.760",".309",".016",".021",".011"
"Giménez, Andrés","665926","2024","0.638",".286","-0.010","-0.015","-0.015"
"Fermin, Freddy","666023","2024","0.685",".319",".027",".032",".021"
"Lowe, Josh","666139","2024","0.693",".338",".013",".003",".004"
"Fitzgerald, Tyler","666149","2024","0.831",".380",".053",".119",".065"
"Hamilton, David","666152","2024","0.698",".316",".017",".049",".024"
"Lux, Gavin","666158","2024","0.703",".312","-0.008","-0.003","-0.008"
"Moniak, Mickey","666160","2024","0.646",".272","-0.002",".001","-0.002"
"Rortvedt, Ben","666163","2024","0.620",".317",".026",".016",".016"
"Adell, Jo","666176","2024","0.682",".244","-0.017","-0.016","-0.016"
"Benson, Will","666181","2024","0.650",".282",".007",".043",".017"
"Bichette, Bo","666182","2024","0.599",".269","-0.030","-0.053","-0.039"
"Naylor, Bo","666310","2024","0.614",".262",".005",".024",".009"
"Julien, Edouard","666397","2024","0.615",".288",".002","-0.028","-0.009"
"Morel, Christopher","666624","2024","0.634",".233","-0.029","-0.053","-0.036"
"García, Adolis","666969","2024","0.684",".273","-0.003","-0.013","-0.010"
"Gurriel Jr., Lourdes","666971","2024","0.757",".313",".012",".014",".008"
"Rooker Jr., Brent","667670","2024","0.927",".362",".027",".005",".012"
"Arozarena, Randy","668227","2024","0.720",".275",".000",".007","-0.004"
"Rogers, Jake","668670","2024","0.607",".251","-0.021","-0.061","-0.033"
"Bleday, JJ","668709","2024","0.761",".279",".001",".037",".011"
"Steer, Spencer","668715","2024","0.721",".260","-0.010",".023",".001"
"Reynolds, Bryan","668804","2024","0.791",".330",".005","-0.016","-0.007"
"Vientos, Mark","668901","2024","0.838",".324",".020",".053",".025"
"Lewis, Royce","668904","2024","0.747",".251","-0.013",".017","-0.003"
"Turang, Brice","668930","2024","0.665",".300","-0.007",".009","-0.003"
"Rutschman, Adley","668939","2024","0.709",".272","-0.005","-0.002","-0.006"
"Rojas, Josh","668942","2024","0.640",".282",".002","-0.014","-0.007"
"Melendez Jr., MJ","669004","2024","0.673",".241","-0.033","-0.025","-0.025"
"Marsh, Brandon","669016","2024","0.747",".348",".013",".013",".002"
"Langeliers, Shea","669127","2024","0.738",".252","-0.017","-0.006","-0.013"
"Wells, Austin","669224","2024","0.717",".261","-0.013","-0.034","-0.024"
"Smith, Will","669257","2024","0.760",".273",".006","-0.013","-0.008"
"Espinal, Santiago","669289","2024","0.651",".265","-0.012",".012","-0.003"
"Miranda, Jose","669304","2024","0.763",".318",".025",".042",".022"
"Gorman, Nolan","669357","2024","0.671",".279","-0.006","-0.033","-0.017"
"Edwards, Xavier","669364","2024","0.820",".398",".076",".102",".063"
"Burger, Jake","669394","2024","0.761",".292","-0.006","-0.016","-0.013"
"Smith, Josh","669701","2024","0.731",".311",".016",".042",".019"
"Triolo, Jared","669707","2024","0.611",".279","-0.008","-0.017","-0.014"
"Toglia, Michael","669911","2024","0.767",".270","-0.026","-0.047","-0.029"
"Lopez, Nicky","670032","2024","0.606",".288",".014",".006",".007"
"Raley, Luke","670042","2024","0.783",".305",".023",".045",".023"
"Alvarez, Yordan","670541","2024","0.959",".317",".005","-0.028","-0.009"
"Paredes, Isaac","670623","2024","0.739",".259",".018",".056",".023"
"Friedl Jr., TJ","670770","2024","0.690",".229","-0.002",".062",".013"
"Ramos, Heliot","671218","2024","0.791",".329",".019","-0.012",".001"
"García, Luis","671277","2024","0.762",".310",".004","-0.008","-0.003"
"Freeman, Tyler","671289","2024","0.626",".227","-0.027","-0.017","-0.019"
"Butler, Lawrence","671732","2024","0.807",".301",".001",".019",".003"
"Harris II, Michael","671739","2024","0.722",".300","-0.020","-0.043","-0.032"
"Bailey, Patrick","672275","2024","0.637",".287","-0.024","-0.059","-0.038"
"Siani, Michael","672279","2024","0.570",".322",".023",".020",".014"
"Kelenic, Jarred","672284","2024","0.679",".300","-0.010","-0.019","-0.014"
"Kirk, Alejandro","672386","2024","0.678",".276","-0.004","-0.033","-0.027"
"Moreno, Gabriel","672515","2024","0.733",".303",".011","-0.004",".000"
"Garcia, Maikel","672580","2024","0.613",".268","-0.029","-0.034","-0.030"
"Lopez, Otto","672640","2024","0.690",".318","-0.004","-0.017","-0.011"
"Perdomo, Geraldo","672695","2024","0.718",".317",".042",".060",".036"
"Pérez, Wenceel","672761","2024","0.683",".294",".001",".029",".008"
"Sosa, Lenyn","672820","2024","0.642",".303","-0.024","-0.060","-0.036"
"Diaz, Yainer","673237","2024","0.766",".338",".000","-0.017","-0.010"
"Robert Jr., Luis","673357","2024","0.657",".310",".014",".015",".008"
"Kim, Ha-Seong","673490","2024","0.700",".261","-0.012",".018","-0.005"
"Suzuki, Seiya","673548","2024","0.848",".370",".028",".029",".019"
"Westburg, Jordan","676059","2024","0.793",".305","-0.017","-0.010","-0.013"
"DeLuca, Jonny","676356","2024","0.609",".265","-0.013",".013","-0.003"
"Clement, Ernie","676391","2024","0.692",".266",".011",".035",".015"
"Burleson, Alec","676475","2024","0.734",".276","-0.004","-0.015","-0.010"
"Caballero, José","676609","2024","0.630",".301",".010",".032",".010"
"Meyers, Jake","676694","2024","0.646",".263","-0.016","-0.022","-0.019"
"Schneider, Davis","676914","2024","0.625",".257","-0.007","-0.015","-0.015"
"Rocchio, Brayan","677587","2024","0.614",".245","-0.004",".014",".001"
"Rodríguez, Julio","677594","2024","0.734",".344","-0.002","-0.054","-0.023"
"Abreu, Wilyer","677800","2024","0.781",".326",".024",".041",".019"
"Witt Jr., Bobby","677951","2024","0.977",".354",".017",".011",".003"
"Tovar, Ezequiel","678662","2024","0.764",".344",".036",".068",".035"
"Rafaela, Ceddanne","678882","2024","0.664",".312",".017",".022",".013"
"Rojas, Johan","679032","2024","0.601",".297",".018",".030",".015"
"Torkelson, Spencer","679529","2024","0.669",".285",".010",".023",".012"
"Schuemann, Max","680474","2024","0.619",".292","-0.002","-0.030","-0.015"
"Palacios, Richie","680700","2024","0.664",".280","-0.026","-0.024","-0.022"
"Kwan, Steven","680757","2024","0.793",".304",".008",".040",".016"
"Duran, Jarren","680776","2024","0.834",".345",".010",".039",".015"
"Jeffers, Ryan","680777","2024","0.732",".238",".000",".046",".013"
"Gelof, Zack","680869","2024","0.632",".296",".012",".015",".005"
"Donovan, Brendan","680977","2024","0.759",".300",".001","-0.002","-0.003"
"Stott, Bryson","681082","2024","0.671",".275","-0.009","-0.007","-0.010"
"Cowser, Colton","681297","2024","0.768",".317",".012",".010",".005"
"O'Hoppe, Logan","681351","2024","0.712",".318","-0.007","-0.045","-0.020"
"Pages, Andy","681624","2024","0.712",".304","-0.003","-0.015","-0.011"
"Fry, David","681807","2024","0.804",".307",".017",".054",".021"
"Alvarez, Francisco","682626","2024","0.710",".291",".017",".045",".021"
"De La Cruz, Elly","682829","2024","0.810",".359",".019",".043",".021"
"Abrams, CJ","682928","2024","0.747",".285","-0.001",".024",".003"
"Greene, Riley","682985","2024","0.827",".329",".009",".002",".002"
"Carroll, Corbin","682998","2024","0.750",".256","-0.010",".037",".001"
"Henderson, Gunnar","683002","2024","0.893",".320","-0.002",".037",".007"
"Volpe, Anthony","683011","2024","0.657",".303",".005",".032",".009"
"Vaughn, Andrew","683734","2024","0.699",".285",".002","-0.038","-0.015"
"Busch, Michael","683737","2024","0.775",".322",".031",".022",".017"
"Frelick, Sal","686217","2024","0.655",".306",".013",".031",".014"
"Pasquantino, Vinnie","686469","2024","0.761",".265","-0.004",".008","-0.006"
"Doyle, Brenton","686668","2024","0.763",".316",".006",".009","-0.001"
"Lee, Korey","686676","2024","0.591",".276","-0.002",".009",".001"
"Massey, Michael","686681","2024","0.743",".271",".001",".035",".008"
"Brennan, Will","686823","2024","0.697",".287","-0.005",".014",".001"
"Neto, Zach","687263","2024","0.761",".295",".013",".029",".013"
"Ortiz, Joey","687401","2024","0.727",".283",".005",".055",".014"
"Horwitz, Spencer","687462","2024","0.790",".300",".011",".014",".006"
"Keith, Colt","690993","2024","0.689",".306","-0.006","-0.013","-0.010"
"Winn, Masyn","691026","2024","0.730",".303",".011",".058",".022"
"Crow-Armstrong, Pete","691718","2024","0.670",".292",".014",".017",".008"
"Gonzales, Nick","693304","2024","0.709",".319",".000","-0.009","-0.010"
"Chourio, Jackson","694192","2024","0.791",".320",".001",".034",".011"
"Schanuel, Nolan","694384","2024","0.705",".285","-0.008",".003","-0.006"
"Langford, Wyatt","694671","2024","0.740",".296","-0.004","-0.012","-0.010"
"Wood, James","695578","2024","0.781",".365","-0.005","-0.012","-0.009"
"Young, Jacob","696285","2024","0.647",".321",".003",".014",".004"
"Merrill, Jackson","701538","2024","0.826",".318","-0.011","-0.034","-0.020"
"Yoshida, Masataka","807799","2024","0.764",".302",".022",".021",".014"