"player","team_abbrev","year","type","avg_hr_trot","doubters","mostly_gone","no_doubters","no_doubter_per","hr_total","xhr","xhr_diff"
"Judge, Aaron","NYY","2024","adj_xhr","23.9",13,36,30,"49.2","61",56.2,"4.8"
"Ohtani, Shohei","LAD","2024","adj_xhr","23.3",19,26,33,"57.9","57",53.1,"3.9"
"Soto, Juan","NYY","2024","adj_xhr","27.4",16,29,26,"57.8","45",47.7,"-2.7"
"Santander, Anthony","BAL","2024","adj_xhr","28.1",10,22,20,"45.5","44",36.6,"7.4"
"Ramírez, José","CLE","2024","adj_xhr","24.8",12,28,18,"43.9","41",40.6,"0.4"
"Ozuna, Marcell","ATL","2024","adj_xhr","30.2",17,30,19,"48.7","39",42.9,"-3.9"
"Rooker, Brent","OAK","2024","adj_xhr","23.5",9,21,24,"61.5","39",39.9,"-0.9"
"Schwarber, Kyle","PHI","2024","adj_xhr","25.3",5,21,23,"59","39",38.4,"0.6"
"Alonso, Pete","NYM","2024","adj_xhr","22.8",8,19,22,"57.9","38",35.7,"2.3"
"Henderson, Gunnar","BAL","2024","adj_xhr","23.2",11,24,12,"32.4","37",32.9,"4.1"
"Hernández, Teoscar","LAD","2024","adj_xhr","25.2",6,26,14,"38.9","36",35.2,"0.8"
"Marte, Ketel","AZ","2024","adj_xhr","23.5",10,18,16,"44.4","36",30.7,"5.3"
"Lindor, Francisco","NYM","2024","adj_xhr","23.6",10,24,17,"48.6","35",33.4,"1.6"
"Alvarez, Yordan","HOU","2024","adj_xhr","27.4",12,21,15,"42.9","35",29.6,"5.4"
"Raleigh, Cal","SEA","2024","adj_xhr","23.4",13,18,19,"55.9","34",33,"1.0"
"Stanton, Giancarlo","NYY","2024","adj_xhr","23.9",14,16,21,"61.8","34",35.5,"-1.5"
"Vientos, Mark","NYM","2024","adj_xhr","23.2",8,19,11,"34.4","32",26,"6.0"
"Adames, Willy","MIL","2024","adj_xhr","24.8",15,25,10,"31.3","32",31.7,"0.3"
"Witt Jr., Bobby","KC","2024","adj_xhr","21.1",13,23,22,"68.8","32",38.4,"-6.4"
"Naylor, Josh","CLE","2024","adj_xhr","27.8",7,20,13,"41.9","31",29.2,"1.8"
"Harper, Bryce","PHI","2024","adj_xhr","26",13,18,11,"35.5","31",25.8,"5.2"
"O'Neill, Tyler","BOS","2024","adj_xhr","21.2",7,17,15,"48.4","31",29.5,"1.5"
"Machado, Manny","SD","2024","adj_xhr","28.4",11,24,10,"33.3","30",28.3,"1.7"
"Seager, Corey","TEX","2024","adj_xhr","22.6",17,21,8,"26.7","30",26.7,"3.3"
"Guerrero Jr., Vladimir","TOR","2024","adj_xhr","27.9",15,22,15,"50","30",31.6,"-1.6"
"Suárez, Eugenio","AZ","2024","adj_xhr","24.8",9,22,10,"33.3","30",25.9,"4.1"
"Olson, Matt","ATL","2024","adj_xhr","25",13,24,12,"41.4","29",29.3,"-0.3"
"Langeliers, Shea","OAK","2024","adj_xhr","22.7",5,16,15,"51.7","29",27.9,"1.1"
"Burger, Jake","MIA","2024","adj_xhr","23.1",12,14,17,"58.6","29",27.8,"1.2"
"Perez, Salvador","KC","2024","adj_xhr","27.5",15,21,16,"57.1","28",32.6,"-4.6"
"Devers, Rafael","BOS","2024","adj_xhr","24.4",8,21,12,"42.9","28",26.8,"1.2"
"Chapman, Matt","SF","2024","adj_xhr","22.6",14,18,11,"40.7","27",26,"1.0"
"Chisholm Jr., Jazz","NYY","2024","adj_xhr","26.8",12,15,11,"42.3","26",25,"1.0"
"Bregman, Alex","HOU","2024","adj_xhr","23.1",9,23,7,"26.9","26",24.7,"1.3"
"Hoskins, Rhys","MIL","2024","adj_xhr","22.6",9,14,11,"42.3","26",22.8,"3.2"
"Tovar, Ezequiel","COL","2024","adj_xhr","22.5",5,19,10,"38.5","26",25.3,"0.7"
"Freeman, Freddie","LAD","2024","adj_xhr","22",15,20,6,"23.1","26",22.3,"3.7"
"Walker, Christian","AZ","2024","adj_xhr","25.2",9,15,13,"50","26",25.1,"0.9"
"Tatis Jr., Fernando","SD","2024","adj_xhr","25.9",8,20,10,"40","25",24.5,"0.5"
"Happ, Ian","CHC","2024","adj_xhr","22.7",9,23,8,"32","25",23.8,"1.2"
"De La Cruz, Elly","CIN","2024","adj_xhr","26.9",4,15,10,"40","25",21.4,"3.6"
"García, Adolis","TEX","2024","adj_xhr","26.5",13,23,8,"32","25",25.9,"-0.9"
"Merrill, Jackson","SD","2024","adj_xhr","22.8",17,25,7,"28","25",25.9,"-0.9"
"Toglia, Michael","COL","2024","adj_xhr","21.9",11,16,9,"36","25",21.4,"3.6"
"Ward, Taylor","LAA","2024","adj_xhr","24.2",15,20,8,"32","25",23.5,"1.5"
"DeJong, Paul","KC","2024","adj_xhr","22.6",11,13,9,"37.5","24",20.3,"3.7"
"Castellanos, Nick","PHI","2024","adj_xhr","22.1",7,17,7,"29.2","24",20.3,"3.7"
"Cowser, Colton","BAL","2024","adj_xhr","23",8,15,11,"45.8","24",22.4,"1.6"
"Greene, Riley","DET","2024","adj_xhr","22.7",8,22,8,"33.3","24",25.7,"-1.7"
"Nimmo, Brandon","NYM","2024","adj_xhr","20",7,14,9,"37.5","24",19.2,"4.8"
"Profar, Jurickson","SD","2024","adj_xhr","27",10,15,8,"33.3","24",20.6,"3.4"
"Reynolds, Bryan","PIT","2024","adj_xhr","24.6",9,17,11,"45.8","24",24.1,"-0.1"
"Betts, Mookie","LAD","2024","adj_xhr","23",7,20,4,"17.4","23",18.6,"4.4"
"Doyle, Brenton","COL","2024","adj_xhr","21.3",5,16,11,"47.8","23",21.7,"1.3"
"Santana, Carlos","MIN","2024","adj_xhr","24.2",6,16,10,"43.5","23",23.2,"-0.2"
"Semien, Marcus","TEX","2024","adj_xhr","22.6",13,28,6,"26.1","23",26.2,"-3.2"
"Smith, Will","LAD","2024","adj_xhr","22",13,16,8,"34.8","23",19.5,"3.5"
"Pederson, Joc","AZ","2024","adj_xhr","26.1",2,8,15,"65.2","23",21.6,"1.4"
"Chourio, Jackson","MIL","2024","adj_xhr","24",10,20,5,"21.7","23",19.9,"3.1"
"Tucker, Kyle","HOU","2024","adj_xhr","24.7",9,13,6,"26.1","23",16.7,"6.3"
"Neto, Zach","LAA","2024","adj_xhr","24.7",9,16,8,"34.8","23",22,"1.0"
"Contreras, William","MIL","2024","adj_xhr","26.2",9,22,7,"30.4","23",23.2,"-0.2"
"Goldschmidt, Paul","STL","2024","adj_xhr","24",12,18,8,"36.4","22",22.7,"-0.7"
"Butler, Lawrence","OAK","2024","adj_xhr","27.4",9,16,5,"22.7","22",16.1,"5.9"
"Carroll, Corbin","AZ","2024","adj_xhr","21.6",13,15,9,"40.9","22",19.7,"2.3"
"Ramos, Heliot","SF","2024","adj_xhr","24.2",6,20,10,"45.5","22",24.8,"-2.8"
"Raley, Luke","SEA","2024","adj_xhr","20.7",3,15,11,"50","22",22.2,"-0.2"
"Soler, Jorge","ATL","2024","adj_xhr","26.3",10,16,12,"54.5","22",24.1,"-2.1"
"Cruz, Oneil","PIT","2024","adj_xhr","26.5",3,15,12,"57.1","21",21.9,"-0.9"
"Jeffers, Ryan","MIN","2024","adj_xhr","23.2",4,18,4,"19","21",17.7,"3.3"
"Morel, Christopher","TB","2024","adj_xhr","26",8,12,12,"57.1","21",21.2,"-0.2"
"Suzuki, Seiya","CHC","2024","adj_xhr","21.9",9,16,7,"33.3","21",19.9,"1.1"
"De La Cruz, Bryan","PIT","2024","adj_xhr","27.3",11,14,8,"38.1","21",18.4,"2.6"
"Turner, Trea","PHI","2024","adj_xhr","23.1",4,13,10,"47.6","21",19.2,"1.8"
"Burleson, Alec","STL","2024","adj_xhr","23.9",11,18,4,"19","21",18.9,"2.1"
"Busch, Michael","CHC","2024","adj_xhr","21.9",3,15,11,"52.4","21",21.1,"-0.1"
"Duran, Jarren","BOS","2024","adj_xhr","21",16,12,12,"57.1","21",21.8,"-0.8"
"Lowe, Brandon","TB","2024","adj_xhr","24.9",7,17,9,"42.9","21",21.3,"-0.3"
"McCutchen, Andrew","PIT","2024","adj_xhr","24.6",6,15,9,"45","20",20.4,"-0.4"
"Steer, Spencer","CIN","2024","adj_xhr","23.6",10,16,5,"25","20",16.7,"3.3"
"Candelario, Jeimer","CIN","2024","adj_xhr","24.8",6,18,4,"20","20",17.1,"2.9"
"O'Hoppe, Logan","LAA","2024","adj_xhr","25.1",7,12,8,"40","20",16.8,"3.2"
"Higashioka, Kyle","SD","2024","adj_xhr","24",7,15,6,"30","20",16.5,"3.5"
"Conforto, Michael","SF","2024","adj_xhr","22.4",9,16,9,"45","20",20.8,"-0.8"
"Altuve, Jose","HOU","2024","adj_xhr","24.9",6,12,9,"45","20",17.6,"2.4"
"McMahon, Ryan","COL","2024","adj_xhr","21.8",10,17,5,"25","20",18.1,"1.9"
"Bleday, JJ","OAK","2024","adj_xhr","22",8,19,7,"35","20",21.7,"-1.7"
"Abrams, CJ","WSH","2024","adj_xhr","24.6",8,15,5,"25","20",17.6,"2.4"
"Benintendi, Andrew","CWS","2024","adj_xhr","24.4",9,10,10,"50","20",18.1,"1.9"
"Adell, Jo","LAA","2024","adj_xhr","23.7",9,10,11,"55","20",17.4,"2.6"
"Arozarena, Randy","SEA","2024","adj_xhr","29.7",6,17,10,"50","20",21.6,"-1.6"
"Rodríguez, Julio","SEA","2024","adj_xhr","25.8",13,9,13,"65","20",20.6,"-0.6"
"Springer, George","TOR","2024","adj_xhr","22.2",5,16,7,"36.8","19",18.5,"0.5"
"Gorman, Nolan","STL","2024","adj_xhr","23.3",11,13,7,"36.8","19",18,"1.0"
"Mullins, Cedric","BAL","2024","adj_xhr","23.4",7,8,8,"42.1","19",15.5,"3.5"
"Riley, Austin","ATL","2024","adj_xhr","22.8",10,15,7,"36.8","19",19.8,"-0.8"
"Stephenson, Tyler","CIN","2024","adj_xhr","22.8",6,12,5,"26.3","19",13.7,"5.3"
"Bell, Josh","AZ","2024","adj_xhr","24",11,22,4,"21.1","19",21.7,"-2.7"
"Vaughn, Andrew","CWS","2024","adj_xhr","21.9",11,20,7,"36.8","19",21.4,"-2.4"
"Carpenter, Kerry","DET","2024","adj_xhr","23.9",7,14,11,"57.9","19",20.9,"-1.9"
"Paredes, Isaac","CHC","2024","adj_xhr","26.3",12,18,4,"21.1","19",17.3,"1.7"
"Rutschman, Adley","BAL","2024","adj_xhr","23.5",8,15,7,"36.8","19",19.6,"-0.6"
"Pasquantino, Vinnie","KC","2024","adj_xhr","24",11,13,11,"57.9","19",22.5,"-3.5"
"Gurriel Jr., Lourdes","AZ","2024","adj_xhr","25.5",12,10,9,"50","18",16.5,"1.5"
"Melendez, MJ","KC","2024","adj_xhr","25",9,10,9,"50","18",17.4,"0.6"
"Westburg, Jordan","BAL","2024","adj_xhr","21.4",4,23,4,"22.2","18",19.3,"-1.3"
"García Jr., Luis","WSH","2024","adj_xhr","23.8",15,13,3,"16.7","18",13.2,"4.8"
"Varsho, Daulton","TOR","2024","adj_xhr","20.7",5,13,5,"27.8","18",15.9,"2.1"
"Sánchez, Jesús","MIA","2024","adj_xhr","27.3",5,12,11,"61.1","18",19.6,"-1.6"
"Yastrzemski, Mike","SF","2024","adj_xhr","23.3",19,11,7,"38.9","18",16.5,"1.5"
"Siri, Jose","TB","2024","adj_xhr","29",7,9,12,"66.7","18",19,"-1.0"
"Buxton, Byron","MIN","2024","adj_xhr","21.7",3,17,7,"38.9","18",18.2,"-0.2"
"Bellinger, Cody","CHC","2024","adj_xhr","22.9",7,18,6,"33.3","18",18.4,"-0.4"
"Muncy, Max","LAD","2024","adj_xhr","24.7",5,10,9,"50","18",17.5,"0.5"
"Torres, Gleyber","NYY","2024","adj_xhr","23.6",17,15,1,"5.9","17",12.2,"4.8"
"Thomas, Lane","CLE","2024","adj_xhr","22",10,11,6,"35.3","17",14.7,"2.3"
"Gelof, Zack","OAK","2024","adj_xhr","24.1",6,6,10,"58.8","17",15.4,"1.6"
"Arcia, Orlando","ATL","2024","adj_xhr","24.4",10,14,4,"23.5","17",15.6,"1.4"
"Harris II, Michael","ATL","2024","adj_xhr","24.3",7,14,6,"35.3","17",16.3,"0.7"
"Cronenworth, Jake","SD","2024","adj_xhr","23.1",11,7,10,"58.8","17",15.9,"1.1"
"Lewis, Royce","MIN","2024","adj_xhr","23.9",4,11,9,"56.3","16",15.8,"0.2"
"Marsh, Brandon","PHI","2024","adj_xhr","21.5",8,11,4,"25","16",12.3,"3.7"
"Martinez, J.D.","NYM","2024","adj_xhr","22.7",7,22,3,"18.8","16",18.8,"-2.8"
"Langford, Wyatt","TEX","2024","adj_xhr","21.1",11,12,9,"56.3","16",18.7,"-2.7"
"Arenado, Nolan","STL","2024","adj_xhr","22.6",5,16,2,"12.5","16",14.1,"1.9"
"Fry, David","CLE","2024","adj_xhr","23.5",6,18,2,"12.5","16",17.2,"-1.2"
"Diaz, Yainer","HOU","2024","adj_xhr","23.4",7,12,7,"43.8","16",15.6,"0.4"
"Lowe, Nathaniel","TEX","2024","adj_xhr","20.9",5,10,6,"37.5","16",13.3,"2.7"
"Vierling, Matt","DET","2024","adj_xhr","21.7",4,14,5,"31.3","16",13.7,"2.3"
"Polanco, Jorge","SEA","2024","adj_xhr","24.9",6,10,6,"37.5","16",14.8,"1.2"
"Swanson, Dansby","CHC","2024","adj_xhr","23.7",12,17,1,"6.3","16",13.5,"2.5"
"Winker, Jesse","NYM","2024","adj_xhr","24.3",7,13,2,"13.3","15",12.2,"2.8"
"Kelenic, Jarred","ATL","2024","adj_xhr","21.5",7,11,5,"33.3","15",15,"0.0"
"Pages, Andy","LAD","2024","adj_xhr","21.1",7,10,8,"53.3","15",15,"0.0"
"d'Arnaud, Travis","ATL","2024","adj_xhr","23.8",2,8,9,"60","15",15.6,"-0.6"
"Peña, Jeremy","HOU","2024","adj_xhr","22.8",7,11,7,"46.7","15",16,"-1.0"
"Bohm, Alec","PHI","2024","adj_xhr","22.3",11,12,3,"20","15",12.8,"2.2"
"Fitzgerald, Tyler","SF","2024","adj_xhr","22",1,11,4,"26.7","15",13.3,"1.7"
"Larnach, Trevor","MIN","2024","adj_xhr","23.3",5,12,6,"40","15",14.5,"0.5"
"Rafaela, Ceddanne","BOS","2024","adj_xhr","22.4",5,15,6,"40","15",16.1,"-1.1"
"Abreu, Wilyer","BOS","2024","adj_xhr","25.1",9,10,9,"60","15",17.4,"-2.4"
"Garver, Mitch","SEA","2024","adj_xhr","26.1",1,11,7,"46.7","15",15.1,"-0.1"
"O'Hearn, Ryan","BAL","2024","adj_xhr","24.9",4,16,4,"26.7","15",14.8,"0.2"
"Winn, Masyn","STL","2024","adj_xhr","23.7",7,10,6,"40","15",14.1,"0.9"
"India, Jonathan","CIN","2024","adj_xhr","23.9",12,12,4,"26.7","15",11.5,"3.5"
"Contreras, Willson","STL","2024","adj_xhr","27.3",4,11,6,"40","15",14.3,"0.7"
"Wells, Austin","NYY","2024","adj_xhr","22.5",2,14,8,"53.3","15",18.3,"-3.3"
"Renfroe, Hunter","KC","2024","adj_xhr","23.7",6,11,9,"60","15",17.8,"-2.8"
"Correa, Carlos","MIN","2024","adj_xhr","25.9",5,7,8,"57.1","14",13.5,"0.5"
"Brown, Seth","OAK","2024","adj_xhr","22.1",7,7,6,"42.9","14",11.8,"2.2"
"Kwan, Steven","CLE","2024","adj_xhr","19.5",3,14,2,"14.3","14",13.1,"0.9"
"Noel, Jhonkensy","CLE","2024","adj_xhr","24.5",3,7,8,"57.1","14",12.9,"1.1"
"Verdugo, Alex","NYY","2024","adj_xhr","28.2",9,12,4,"28.6","14",13.7,"0.3"
"Donovan, Brendan","STL","2024","adj_xhr","22.1",10,15,4,"28.6","14",15.2,"-1.2"
"Moniak, Mickey","LAA","2024","adj_xhr","22.9",4,10,7,"50","14",14.7,"-0.7"
"Massey, Michael","KC","2024","adj_xhr","21.8",5,12,6,"42.9","14",15.5,"-1.5"
"Hernández, Enrique","LAD","2024","adj_xhr","21.7",7,5,4,"28.6","14",7.3,"6.7"
"Robert Jr., Luis","CWS","2024","adj_xhr","25.1",8,8,7,"50","14",14.2,"-0.2"
"Benson, Will","CIN","2024","adj_xhr","24.9",5,11,5,"35.7","14",12.8,"1.2"
"Díaz, Yandy","TB","2024","adj_xhr","29.1",14,8,5,"35.7","14",11.8,"2.2"
"Realmuto, J.T.","PHI","2024","adj_xhr","22.5",5,7,7,"50","14",13.7,"0.3"
"Ruiz, Keibert","WSH","2024","adj_xhr","25.5",3,12,6,"46.2","13",14.9,"-1.9"
"Tellez, Rowdy","PIT","2024","adj_xhr","26.7",6,9,4,"30.8","13",11,"2.0"
"Schanuel, Nolan","LAA","2024","adj_xhr","22.9",6,11,2,"15.4","13",10.6,"2.4"
"Rodgers, Brendan","COL","2024","adj_xhr","23.5",2,12,5,"38.5","13",12.7,"0.3"
"Mountcastle, Ryan","BAL","2024","adj_xhr","25.1",7,15,5,"38.5","13",16.5,"-3.5"
"Wallner, Matt","MIN","2024","adj_xhr","22.8",6,6,9,"69.2","13",13.6,"-0.6"
"Goodman, Hunter","COL","2024","adj_xhr","22.4",2,10,4,"30.8","13",10.5,"2.5"
"Wong, Connor","BOS","2024","adj_xhr","23",7,11,5,"38.5","13",12.9,"0.1"
"Meyers, Jake","HOU","2024","adj_xhr","23.7",7,13,3,"23.1","13",11.2,"1.8"
"Schneider, Davis","TOR","2024","adj_xhr","21",6,11,3,"23.1","13",11.6,"1.4"
"Singleton, Jon","HOU","2024","adj_xhr","23.3",4,10,6,"46.2","13",12.3,"0.7"
"Heim, Jonah","TEX","2024","adj_xhr","23.5",6,6,6,"46.2","13",11.1,"1.9"
"France, Ty","CIN","2024","adj_xhr","25.2",6,11,5,"38.5","13",13.8,"-0.8"
"Casas, Triston","BOS","2024","adj_xhr","23.9",5,8,6,"46.2","13",12,"1.0"
"Friedl, TJ","CIN","2024","adj_xhr","24.1",2,9,3,"23.1","13",10.3,"2.7"
"Volpe, Anthony","NYY","2024","adj_xhr","22.9",3,17,1,"7.7","13",12.4,"0.6"
"Smith, Josh","TEX","2024","adj_xhr","23.1",3,10,3,"23.1","13",10.7,"2.3"
"Naylor, Bo","CLE","2024","adj_xhr","23.7",2,6,8,"61.5","13",12.9,"0.1"
"Keith, Colt","DET","2024","adj_xhr","23.2",1,14,6,"46.2","13",14.9,"-1.9"
"Bauers, Jake","MIL","2024","adj_xhr","25.3",3,8,7,"53.8","13",14.1,"-1.1"
"Bart, Joey","PIT","2024","adj_xhr","24.6",3,8,8,"61.5","13",13.4,"-0.4"
"Castro, Willi","MIN","2024","adj_xhr","21.4",9,12,3,"25","12",12.7,"-0.7"
"Bader, Harrison","NYM","2024","adj_xhr","21",5,5,7,"58.3","12",10.6,"1.4"
"Horwitz, Spencer","TOR","2024","adj_xhr","24.5",5,10,5,"41.7","12",12.2,"-0.2"
"Haniger, Mitch","SEA","2024","adj_xhr","22.2",3,11,3,"25","12",12.2,"-0.2"
"Grichuk, Randal","AZ","2024","adj_xhr","22.9",4,14,3,"25","12",12.1,"-0.1"
"Nootbaar, Lars","STL","2024","adj_xhr","20.3",4,10,5,"41.7","12",12,"0.0"
"Taveras, Leody","TEX","2024","adj_xhr","22.8",3,12,3,"25","12",12.7,"-0.7"
"Lee, Korey","CWS","2024","adj_xhr","22.2",4,8,5,"41.7","12",10.1,"1.9"
"McNeil, Jeff","NYM","2024","adj_xhr","23.1",7,11,3,"25","12",10.3,"1.7"
"Bogaerts, Xander","SD","2024","adj_xhr","27.2",6,7,6,"50","12",11.8,"0.2"
"Clement, Ernie","TOR","2024","adj_xhr","24.5",5,11,3,"25","12",12.8,"-0.8"
"Blackmon, Charlie","COL","2024","adj_xhr","23.7",4,10,5,"41.7","12",12.3,"-0.3"
"Sánchez, Gary","MIL","2024","adj_xhr","25.6",2,5,6,"54.5","11",11.1,"-0.1"
"Alvarez, Francisco","NYM","2024","adj_xhr","26.5",6,8,6,"54.5","11",11.8,"-0.8"
"Bride, Jonah","MIA","2024","adj_xhr","22.4",2,8,3,"27.3","11",9.3,"1.7"
"Turner, Justin","SEA","2024","adj_xhr","26.9",11,9,3,"27.3","11",10.5,"0.5"
"Duvall, Adam","ATL","2024","adj_xhr","23.5",6,12,6,"54.5","11",14.9,"-3.9"
"Kim, Ha-Seong","SD","2024","adj_xhr","23",2,13,1,"9.1","11",10.7,"0.3"
"Lux, Gavin","LAD","2024","adj_xhr","24.5",6,8,2,"18.2","11",7.2,"3.8"
"Urías, Ramón","BAL","2024","adj_xhr","23.3",4,10,4,"36.4","11",12.9,"-1.9"
"Refsnyder, Rob","BOS","2024","adj_xhr","21.8",3,6,5,"45.5","11",9.4,"1.6"
"Ortiz, Joey","MIL","2024","adj_xhr","20.7",5,8,4,"36.4","11",10.8,"0.2"
"Yelich, Christian","MIL","2024","adj_xhr","22.1",1,6,5,"45.5","11",9.6,"1.4"
"Laureano, Ramón","ATL","2024","adj_xhr","22.9",4,12,3,"27.3","11",11.8,"-0.8"
"Stott, Bryson","PHI","2024","adj_xhr","23.5",4,8,4,"36.4","11",10,"1.0"
"Yoshida, Masataka","BOS","2024","adj_xhr","23.1",3,11,3,"30","10",11.3,"-1.3"
"Meadows, Parker","DET","2024","adj_xhr","22.2",3,6,5,"50","10",10,"0.0"
"Rosario, Eddie","ATL","2024","adj_xhr","23.6",7,7,1,"10","10",6.9,"3.1"
"Torkelson, Spencer","DET","2024","adj_xhr","24.1",7,6,7,"70","10",12.3,"-2.3"
"Moore, Dylan","SEA","2024","adj_xhr","20.6",12,10,2,"20","10",9.6,"0.4"
"Rogers, Jake","DET","2024","adj_xhr","25.1",12,9,3,"30","10",11,"-1.0"
"Lowe, Josh","TB","2024","adj_xhr","26.3",4,10,3,"30","10",9.8,"0.2"
"Heyward, Jason","HOU","2024","adj_xhr","23.1",3,6,3,"30","10",7.5,"2.5"
"Murphy, Sean","ATL","2024","adj_xhr","23.2",3,8,6,"60","10",11.2,"-1.2"
"Trout, Mike","LAA","2024","adj_xhr","25.6",1,5,4,"40","10",8.3,"1.7"
"Albies, Ozzie","ATL","2024","adj_xhr","24.8",7,10,5,"50","10",11.7,"-1.7"
"Hilliard, Sam","COL","2024","adj_xhr","21.7",3,8,2,"20","10",8.1,"1.9"
"Crow-Armstrong, Pete","CHC","2024","adj_xhr","21.4",4,8,3,"30","10",9.1,"0.9"
"Sheets, Gavin","CWS","2024","adj_xhr","22.5",8,6,5,"50","10",10.2,"-0.2"
"Gallo, Joey","WSH","2024","adj_xhr","23.6",3,5,4,"40","10",8.3,"1.7"
"Soderstrom, Tyler","OAK","2024","adj_xhr","24.2",4,10,3,"33.3","9",11.4,"-2.4"
"Crawford, J.P.","SEA","2024","adj_xhr","24.2",4,7,4,"44.4","9",9,"0.0"
"Norby, Connor","MIA","2024","adj_xhr","22.7",5,7,3,"33.3","9",9.1,"-0.1"
"Urshela, Gio","ATL","2024","adj_xhr","25.3",2,9,3,"33.3","9",8.9,"0.1"
"Grisham, Trent","NYY","2024","adj_xhr","21.7",5,4,5,"55.6","9",8.5,"0.5"
"Miranda, Jose","MIN","2024","adj_xhr","23.9",8,5,4,"44.4","9",8.4,"0.6"
"Stallings, Jacob","COL","2024","adj_xhr","23.1",9,5,3,"33.3","9",7.5,"1.5"
"Estrada, Thairo","SF","2024","adj_xhr","25.7",4,7,5,"55.6","9",9.4,"-0.4"
"Espinal, Santiago","CIN","2024","adj_xhr","23.8",4,8,2,"22.2","9",7.7,"1.3"
"Jansen, Danny","BOS","2024","adj_xhr","22.7",2,11,1,"11.1","9",9.7,"-0.7"
"Peralta, David","SD","2024","adj_xhr","23.6",0,5,5,"55.6","9",8.8,"0.2"
"Pham, Tommy","KC","2024","adj_xhr","22.8",4,11,3,"33.3","9",11.1,"-2.1"
"Kelly, Carson","TEX","2024","adj_xhr","23.7",7,7,3,"33.3","9",9.6,"-0.6"
"Joe, Connor","PIT","2024","adj_xhr","22.6",2,10,5,"55.6","9",12.4,"-3.4"
"Caballero, José","TB","2024","adj_xhr","25.4",5,8,3,"33.3","9",9.3,"-0.3"
"Suwinski, Jack","PIT","2024","adj_xhr","20.8",2,6,5,"55.6","9",9.2,"-0.2"
"Triolo, Jared","PIT","2024","adj_xhr","23.1",4,6,2,"22.2","9",6.1,"2.9"
"Grandal, Yasmani","PIT","2024","adj_xhr","24.2",5,3,5,"55.6","9",8.1,"0.9"
"Rocchio, Brayan","CLE","2024","adj_xhr","26.3",5,9,0,"0","9",7.6,"1.4"
"Pérez, Wenceel","DET","2024","adj_xhr","24.6",6,7,3,"33.3","9",9.3,"-0.3"
"Giménez, Andrés","CLE","2024","adj_xhr","23.8",4,9,2,"22.2","9",9.7,"-0.7"
"Mitchell, Garrett","MIL","2024","adj_xhr","21.9",4,7,0,"0","9",5.2,"3.8"
"Wood, James","WSH","2024","adj_xhr","26.3",1,5,6,"66.7","9",9.8,"-0.8"
"Smith, Pavin","AZ","2024","adj_xhr","23.1",1,8,2,"22.2","9",8.3,"0.7"
"Velázquez, Nelson","KC","2024","adj_xhr","27.1",4,8,4,"50","8",10.2,"-2.2"
"Isbel, Kyle","KC","2024","adj_xhr","24.5",5,8,1,"12.5","8",8.2,"-0.2"
"Fairchild, Stuart","CIN","2024","adj_xhr","20.1",5,6,1,"12.5","8",4.8,"3.2"
"Pillar, Kevin","LAA","2024","adj_xhr","23",3,5,3,"37.5","8",7.2,"0.8"
"Gordon, Nick","MIA","2024","adj_xhr","25.6",4,4,2,"25","8",6,"2.0"
"Campusano, Luis","SD","2024","adj_xhr","26.6",5,5,1,"12.5","8",5.7,"2.3"
"Hamilton, David","BOS","2024","adj_xhr","20.8",2,2,5,"62.5","8",6.3,"1.7"
"Solano, Donovan","SD","2024","adj_xhr","24.1",5,6,2,"25","8",6.3,"1.7"
"McCarthy, Jake","AZ","2024","adj_xhr","24.3",4,2,6,"75","8",7.5,"0.5"
"Canzone, Dominic","SEA","2024","adj_xhr","22.6",2,5,4,"50","8",8,"0.0"
"Rojas, Josh","SEA","2024","adj_xhr","22.1",7,8,3,"37.5","8",9,"-1.0"
"McCann, James","BAL","2024","adj_xhr","24.5",3,5,4,"50","8",8.6,"-0.6"
"Julien, Edouard","MIN","2024","adj_xhr","23.4",3,8,1,"12.5","8",7,"1.0"
"Wade Jr., LaMonte","SF","2024","adj_xhr","22.5",8,7,4,"50","8",8.3,"-0.3"
"Wisdom, Patrick","CHC","2024","adj_xhr","20.5",5,6,4,"50","8",9.2,"-1.2"
"Bailey, Patrick","SF","2024","adj_xhr","25.6",4,3,6,"75","8",8.6,"-0.6"
"Sosa, Lenyn","CWS","2024","adj_xhr","24.3",4,4,4,"50","8",6.6,"1.4"
"Kepler, Max","MIN","2024","adj_xhr","20.8",2,11,1,"12.5","8",8.2,"-0.2"
"Amaya, Miguel","CHC","2024","adj_xhr","24.9",3,5,3,"37.5","8",7.4,"0.6"
"Rizzo, Anthony","NYY","2024","adj_xhr","26.2",3,4,4,"50","8",7.5,"0.5"
"Edman, Tommy","LAD","2024","adj_xhr","22.5",3,8,0,"0","8",6.8,"1.2"
"Cabrera, Oswaldo","NYY","2024","adj_xhr","23.5",5,4,1,"12.5","8",4.6,"3.4"
"Caratini, Victor","HOU","2024","adj_xhr","24.7",3,8,2,"25","8",7.3,"0.7"
"Trevino, Jose","NYY","2024","adj_xhr","22.4",1,7,3,"37.5","8",8.2,"-0.2"
"Kiner-Falefa, Isiah","PIT","2024","adj_xhr","21.3",3,8,0,"0","8",6,"2.0"
"Brennan, Will","CLE","2024","adj_xhr","22",5,7,2,"25","8",6.5,"1.5"
"Malloy, Justyn-Henry","DET","2024","adj_xhr","22.3",3,4,5,"62.5","8",8,"0.0"
"Senzel, Nick","CWS","2024","adj_xhr","22.7",1,6,2,"28.6","7",6.7,"0.3"
"Tauchman, Mike","CHC","2024","adj_xhr","23",4,7,1,"14.3","7",5.2,"1.8"
"Hoerner, Nico","CHC","2024","adj_xhr","21.9",5,8,0,"0","7",5.7,"1.3"
"Taylor, Tyrone","NYM","2024","adj_xhr","20.9",7,7,1,"14.3","7",6.4,"0.6"
"Marte, Starling","NYM","2024","adj_xhr","23.9",5,8,3,"42.9","7",8.4,"-1.4"
"Vázquez, Christian","MIN","2024","adj_xhr","23.5",5,7,1,"14.3","7",6.8,"0.2"
"Canha, Mark","SF","2024","adj_xhr","24.3",2,8,1,"14.3","7",7.6,"-0.6"
"Garcia, Maikel","KC","2024","adj_xhr","24.4",6,7,3,"42.9","7",8.4,"-1.4"
"Turang, Brice","MIL","2024","adj_xhr","21.8",6,5,0,"0","7",4.6,"2.4"
"Hill, Derek","MIA","2024","adj_xhr","23.4",3,6,2,"28.6","7",6.9,"0.1"
"Gonzales, Nick","PIT","2024","adj_xhr","22.3",9,10,1,"14.3","7",9.3,"-2.3"
"Jung, Josh","TEX","2024","adj_xhr","20.3",5,4,1,"14.3","7",4.5,"2.5"
"Cave, Jake","COL","2024","adj_xhr","24.2",2,8,1,"14.3","7",5.5,"1.5"
"Rice, Ben","NYY","2024","adj_xhr","21.4",1,8,4,"57.1","7",9.6,"-2.6"
"Sosa, Edmundo","PHI","2024","adj_xhr","22.2",3,5,3,"42.9","7",6.9,"0.1"
"Nevin, Tyler","OAK","2024","adj_xhr","22.2",5,6,2,"28.6","7",6.2,"0.8"
"Schuemann, Max","OAK","2024","adj_xhr","23.5",6,6,3,"42.9","7",7.7,"-0.7"
"Barger, Addison","TOR","2024","adj_xhr","22.7",1,4,5,"71.4","7",7,"0.0"
"Pagés, Pedro","STL","2024","adj_xhr","24",2,5,2,"28.6","7",6.6,"0.4"
"Freeman, Tyler","CLE","2024","adj_xhr","23.6",3,6,1,"14.3","7",5.6,"1.4"
"Manzardo, Kyle","CLE","2024","adj_xhr","23.6",5,3,3,"50","6",6.3,"-0.3"
"Perkins, Blake","MIL","2024","adj_xhr","21.8",2,6,2,"33.3","6",5.2,"0.8"
"Aranda, Jonathan","TB","2024","adj_xhr","25.9",2,8,2,"33.3","6",7.4,"-1.4"
"Valdez, Enmanuel","BOS","2024","adj_xhr","25.6",6,7,3,"50","6",8.2,"-2.2"
"Rengifo, Luis","LAA","2024","adj_xhr","21.1",4,3,2,"33.3","6",5.1,"0.9"
"Smith, Dominic","CIN","2024","adj_xhr","24.8",5,7,2,"33.3","6",7.2,"-1.2"
"Schmitt, Casey","SF","2024","adj_xhr","23.3",0,2,4,"66.7","6",5.7,"0.3"
"Lopez, Otto","MIA","2024","adj_xhr","23.5",4,4,3,"50","6",6.1,"-0.1"
"Jiménez, Eloy","BAL","2024","adj_xhr","25.2",4,4,3,"50","6",6.3,"-0.3"
"Díaz, Elias","SD","2024","adj_xhr","24.8",4,6,1,"16.7","6",5.3,"0.7"
"DeLuca, Jonny","TB","2024","adj_xhr","22.6",3,6,1,"16.7","6",4.8,"1.2"
"Toro, Abraham","OAK","2024","adj_xhr","19.5",3,5,3,"50","6",6.9,"-0.9"
"Báez, Javier","DET","2024","adj_xhr","26",2,4,3,"50","6",5.5,"0.5"
"Caminero, Junior","TB","2024","adj_xhr","25.1",2,6,3,"50","6",7.1,"-1.1"
"Gonzalez, Romy","BOS","2024","adj_xhr","22.5",0,3,4,"66.7","6",6.4,"-0.4"
"Rojas, Miguel","LAD","2024","adj_xhr","22.7",1,5,2,"33.3","6",5.9,"0.1"
"Fermin, Freddy","KC","2024","adj_xhr","23.6",4,5,1,"16.7","6",5.2,"0.8"
"Yepez, Juan","WSH","2024","adj_xhr","24.5",4,4,2,"33.3","6",5.3,"0.7"
"Moreno, Gabriel","AZ","2024","adj_xhr","24.7",6,4,1,"20","5",4.4,"0.6"
"McKinstry, Zach","DET","2024","adj_xhr","22.3",9,8,0,"0","5",7.1,"-2.1"
"Cameron, Daz","OAK","2024","adj_xhr","21.7",5,3,1,"20","5",3.7,"1.3"
"Olivares, Edward","PIT","2024","adj_xhr","24.7",0,3,3,"60","5",5.1,"-0.1"
"Ibáñez, Andy","DET","2024","adj_xhr","21",3,4,2,"40","5",5.1,"-0.1"
"Stewart, DJ","NYM","2024","adj_xhr","23.6",1,4,3,"60","5",5.8,"-0.8"
"McCann, Kyle","OAK","2024","adj_xhr","23.2",3,2,2,"40","5",3.9,"1.1"
"Clemens, Kody","PHI","2024","adj_xhr","22.1",1,6,0,"0","5",5,"0.0"
"Hays, Austin","PHI","2024","adj_xhr","23.3",4,3,2,"40","5",4.5,"0.5"
"Bethancourt, Christian","CHC","2024","adj_xhr","25.4",3,5,2,"40","5",5.8,"-0.8"
"Calhoun, Willie","LAA","2024","adj_xhr","24.3",3,3,1,"20","5",3.6,"1.4"
"McCormick, Chas","HOU","2024","adj_xhr","23.1",2,4,2,"40","5",5.8,"-0.8"
"Encarnacion, Jerar","SF","2024","adj_xhr","27.4",3,3,2,"40","5",3.7,"1.3"
"Vargas, Miguel","CWS","2024","adj_xhr","23.1",2,5,1,"20","5",4.9,"0.1"
"Matos, Luis","SF","2024","adj_xhr","23.9",1,4,1,"20","5",4,"1.0"
"McCray, Grant","SF","2024","adj_xhr","22.5",2,2,4,"80","5",5.5,"-0.5"
"Biggio, Cavan","ATL","2024","adj_xhr","21.6",1,3,1,"20","5",2.5,"2.5"
"Carter, Evan","TEX","2024","adj_xhr","19.8",3,4,2,"40","5",5.2,"-0.2"
"Palacios, Richie","TB","2024","adj_xhr","25.7",3,2,2,"40","5",3.8,"1.2"
"Schneemann, Daniel","CLE","2024","adj_xhr","22.4",4,3,1,"20","5",2.3,"2.7"
"Rivera, Emmanuel","BAL","2024","adj_xhr","22.4",5,6,1,"20","5",5,"0.0"
"Holliday, Jackson","BAL","2024","adj_xhr","22.7",2,5,2,"40","5",5.8,"-0.8"
"Mateo, Jorge","BAL","2024","adj_xhr","25.2",2,6,2,"40","5",5.8,"-0.8"
"Walker, Jordan","STL","2024","adj_xhr","24.4",2,3,2,"40","5",4.9,"0.1"
"Herrera, Iván","STL","2024","adj_xhr","25.6",1,2,4,"80","5",4.9,"0.1"
"Kiermaier, Kevin","LAD","2024","adj_xhr","21.7",3,3,1,"20","5",4.3,"0.7"
"Hinds, Rece","CIN","2024","adj_xhr","25.3",0,1,4,"80","5",4.3,"0.7"
"Martini, Nick","CIN","2024","adj_xhr","21.5",2,3,2,"40","5",3.8,"1.2"
"Fraley, Jake","CIN","2024","adj_xhr","23.8",4,4,0,"0","5",3.6,"1.4"
"Haase, Eric","MIL","2024","adj_xhr","20.9",1,2,3,"60","5",4.3,"0.7"
"Kirk, Alejandro","TOR","2024","adj_xhr","25.9",7,5,3,"60","5",6.1,"-1.1"
"Kirilloff, Alex","MIN","2024","adj_xhr","21.5",7,3,2,"40","5",4.5,"0.5"
"Farmer, Kyle","MIN","2024","adj_xhr","24.2",5,4,2,"40","5",5.6,"-0.6"
"Taylor, Michael A.","PIT","2024","adj_xhr","21.9",5,3,3,"60","5",6,"-1.0"
"Robles, Victor","SEA","2024","adj_xhr","25.2",6,2,2,"50","4",4.1,"-0.1"
"Del Castillo, Adrian","AZ","2024","adj_xhr","22.7",1,4,1,"25","4",4,"0.0"
"Kjerstad, Heston","BAL","2024","adj_xhr","21.9",0,4,0,"0","4",2.7,"1.3"
"Hayes, Ke'Bryan","PIT","2024","adj_xhr","24.6",3,6,0,"0","4",4.3,"-0.3"
"Sweeney, Trey","DET","2024","adj_xhr","22.7",2,3,2,"50","4",4.3,"-0.3"
"Blanco, Dairon","KC","2024","adj_xhr","24.7",0,4,1,"25","4",3.6,"0.4"
"Frazier, Adam","KC","2024","adj_xhr","22.1",2,2,2,"50","4",4.1,"-0.1"
"Arraez, Luis","SD","2024","adj_xhr","22.7",5,6,0,"0","4",5.2,"-1.2"
"Wisely, Brett","SF","2024","adj_xhr","22",1,5,1,"25","4",5.1,"-1.1"
"Montero, Elehuris","COL","2024","adj_xhr","24.8",2,5,0,"0","4",3.9,"0.1"
"Flores, Wilmer","SF","2024","adj_xhr","23.8",1,6,0,"0","4",4.3,"-0.3"
"Davis, J.D.","NYY","2024","adj_xhr","20.4",2,3,1,"25","4",3.9,"0.1"
"Acuña Jr., Ronald","ATL","2024","adj_xhr","25.5",2,5,2,"50","4",5.3,"-1.3"
"Merrifield, Whit","ATL","2024","adj_xhr","23.2",3,3,0,"0","4",3,"1.0"
"Dubón, Mauricio","HOU","2024","adj_xhr","27.3",4,5,0,"0","4",3.5,"0.5"
"Urías, Luis","SEA","2024","adj_xhr","24.8",2,2,2,"50","4",3.7,"0.3"
"Drury, Brandon","LAA","2024","adj_xhr","22.8",1,3,2,"50","4",4.6,"-0.6"
"Kavadas, Niko","LAA","2024","adj_xhr","20.7",0,5,1,"25","4",4.1,"-0.1"
"Andujar, Miguel","OAK","2024","adj_xhr","24",2,4,1,"25","4",4,"0.0"
"Margot, Manuel","MIN","2024","adj_xhr","21.3",5,2,2,"50","4",4,"0.0"
"Loperfido, Joey","TOR","2024","adj_xhr","22.2",3,4,2,"50","4",4.8,"-0.8"
"Bichette, Bo","TOR","2024","adj_xhr","25",3,3,2,"50","4",4.1,"-0.1"
"Jiménez, Leo","TOR","2024","adj_xhr","21.2",4,3,1,"25","4",3.2,"0.8"
"Marte, Noelvi","CIN","2024","adj_xhr","26.9",1,3,1,"25","4",2.5,"1.5"
"Carpenter, Matt","STL","2024","adj_xhr","23.2",2,4,2,"50","4",4.7,"-0.7"
"Nido, Tomás","CHC","2024","adj_xhr","21.5",6,6,1,"25","4",5,"-1.0"
"Chaparro, Andrés","WSH","2024","adj_xhr","26.1",3,4,2,"50","4",4.8,"-0.8"
"Baty, Brett","NYM","2024","adj_xhr","26",1,1,3,"75","4",3.9,"0.1"
"Iglesias, Jose","NYM","2024","adj_xhr","20.6",2,4,0,"0","4",3.4,"0.6"
"Maldonado, Martín","CWS","2024","adj_xhr","25.1",3,2,2,"50","4",3.4,"0.6"
"Taylor, Chris","LAD","2024","adj_xhr","22.6",1,6,2,"50","4",6.1,"-2.1"
"Outman, James","LAD","2024","adj_xhr","22.1",2,4,1,"25","4",4.3,"-0.3"
"Fortes, Nick","MIA","2024","adj_xhr","23.9",1,4,1,"25","4",4.6,"-0.6"
"Acuña, Luisangel","NYM","2024","adj_xhr","25.1",0,2,1,"33.3","3",2.9,"0.1"
"Mendick, Danny","CWS","2024","adj_xhr","23",0,2,2,"66.7","3",3.3,"-0.3"
"Meneses, Joey","WSH","2024","adj_xhr","26",2,2,1,"33.3","3",2.3,"0.7"
"Myers, Dane","MIA","2024","adj_xhr","26.3",1,5,0,"0","3",3.8,"-0.8"
"Ramos, Bryan","CWS","2024","adj_xhr","22",0,4,1,"33.3","3",3.3,"-0.3"
"Jackson, Alex","TB","2024","adj_xhr","22.1",2,2,1,"33.3","3",2.7,"0.3"
"Crews, Dylan","WSH","2024","adj_xhr","20.2",2,2,2,"66.7","3",3.9,"-0.9"
"Alexander, Blaze","AZ","2024","adj_xhr","22.3",0,5,0,"0","3",2.5,"0.5"
"Thomas, Alek","AZ","2024","adj_xhr","24.7",2,0,2,"66.7","3",2.2,"0.8"
"Stowers, Kyle","MIA","2024","adj_xhr","22.6",2,2,1,"33.3","3",3.2,"-0.2"
"Lee, Brooks","MIN","2024","adj_xhr","22",3,6,0,"0","3",4.7,"-1.7"
"Florial, Estevan","CLE","2024","adj_xhr","22.6",1,2,1,"33.3","3",2.4,"0.6"
"Cook, Billy","PIT","2024","adj_xhr","23.1",0,3,2,"66.7","3",3.7,"-0.7"
"Jones, Nolan","COL","2024","adj_xhr","22",3,3,2,"66.7","3",4.4,"-1.4"
"Beck, Jordan","COL","2024","adj_xhr","23.1",3,2,1,"33.3","3",3,"0.0"
"Grossman, Robbie","KC","2024","adj_xhr","21.6",0,1,2,"66.7","3",2.9,"0.1"
"McGuire, Reese","BOS","2024","adj_xhr","23.4",1,5,0,"0","3",4.6,"-1.6"
"Frelick, Sal","MIL","2024","adj_xhr","23.3",6,2,1,"33.3","3",2.9,"0.1"
"Arias, Gabriel","CLE","2024","adj_xhr","23.9",3,3,1,"33.3","3",3.2,"-0.2"
"Harris, Brett","OAK","2024","adj_xhr","23.3",1,1,2,"66.7","3",3.1,"-0.1"
"Tena, José","WSH","2024","adj_xhr","25",3,3,1,"33.3","3",3,"0.0"
"Rosario, Amed","CIN","2024","adj_xhr","23.3",0,5,1,"33.3","3",4.2,"-1.2"
"Young, Jacob","WSH","2024","adj_xhr","21.9",1,2,1,"33.3","3",3,"0.0"
"Martínez, Angel","CLE","2024","adj_xhr","24.9",1,3,1,"33.3","3",3,"0.0"
"Duran, Ezequiel","TEX","2024","adj_xhr","25.3",1,3,0,"0","3",2.9,"0.1"
"Call, Alex","WSH","2024","adj_xhr","25.7",1,3,1,"33.3","3",2.7,"0.3"
"Dahl, David","PHI","2024","adj_xhr","20.9",2,1,1,"33.3","3",1.5,"1.5"
"Conine, Griffin","MIA","2024","adj_xhr","23.9",4,2,0,"0","3",1.7,"1.3"
"Carlson, Dylan","TB","2024","adj_xhr","23.4",2,3,0,"0","3",2.4,"0.6"
"Wilson, Weston","PHI","2024","adj_xhr","21.9",1,3,0,"0","3",2.3,"0.7"
"Torrens, Luis","NYM","2024","adj_xhr","24.9",2,3,0,"0","3",2.5,"0.5"
"Rojas, Johan","PHI","2024","adj_xhr","24.4",5,4,0,"0","3",2.7,"0.3"
"Perdomo, Geraldo","AZ","2024","adj_xhr","23.9",7,0,2,"66.7","3",2.7,"0.3"
"Rortvedt, Ben","TB","2024","adj_xhr","24.2",0,4,0,"0","3",2.7,"0.3"
"Rosario, Eguy","SD","2024","adj_xhr","24.6",3,0,2,"66.7","3",2.3,"0.7"
"Julks, Corey","CWS","2024","adj_xhr","21.8",1,1,2,"66.7","3",2.7,"0.3"
"Marchán, Rafael","PHI","2024","adj_xhr","23.3",1,1,2,"66.7","3",2.6,"0.4"
"Newman, Kevin","AZ","2024","adj_xhr","23",0,2,2,"66.7","3",3.7,"-0.7"
"Encarnacion-Strand, Christian","CIN","2024","adj_xhr","23",1,1,2,"100","2",2.4,"-0.4"
"Ruiz, Esteury","OAK","2024","adj_xhr","22",0,1,2,"100","2",2.5,"-0.5"
"Baddoo, Akil","DET","2024","adj_xhr","21.3",2,3,0,"0","2",2.9,"-0.9"
"García, Avisaíl","MIA","2024","adj_xhr","24.5",0,1,1,"50","2",2,"0.0"
"Ahmed, Nick","SD","2024","adj_xhr","20.4",3,3,0,"0","2",1.9,"0.1"
"Bruján, Vidal","MIA","2024","adj_xhr","21.7",1,2,0,"0","2",1.8,"0.2"
"Adams, Riley","WSH","2024","adj_xhr","21.3",2,2,1,"50","2",1.9,"0.1"
"Bryant, Kris","COL","2024","adj_xhr","22.7",3,1,1,"50","2",1.7,"0.3"
"Yorke, Nick","PIT","2024","adj_xhr","25",0,1,2,"100","2",2.5,"-0.5"
"Wagner, Will","TOR","2024","adj_xhr","23.1",0,1,1,"50","2",1.5,"0.5"
"LeMahieu, DJ","NYY","2024","adj_xhr","21.3",4,2,0,"0","2",1.3,"0.7"
"Domínguez, Jasson","NYY","2024","adj_xhr","24.5",0,1,1,"50","2",1.8,"0.2"
"Palacios, Joshua","PIT","2024","adj_xhr","24.2",0,0,2,"100","2",2,"0.0"
"Abreu, José","HOU","2024","adj_xhr","25.7",0,2,0,"0","2",1.2,"0.8"
"Slater, Austin","BAL","2024","adj_xhr","22.2",2,2,0,"0","2",1.7,"0.3"
"Maile, Luke","CIN","2024","adj_xhr","23",1,3,0,"0","2",1.9,"0.1"
"Scott II, Victor","STL","2024","adj_xhr","23.7",0,1,1,"50","2",2,"0.0"
"Siani, Michael","STL","2024","adj_xhr","21.8",2,2,1,"50","2",2.5,"-0.5"
"Baker, Luken","STL","2024","adj_xhr","21.9",2,3,0,"0","2",2.5,"-0.5"
"Dezenzo, Zach","HOU","2024","adj_xhr","22.5",1,0,2,"100","2",2,"0.0"
"Story, Trevor","BOS","2024","adj_xhr","23",1,2,0,"0","2",1.4,"0.6"
"Thaiss, Matt","LAA","2024","adj_xhr","24.7",3,4,1,"50","2",3.6,"-1.6"
"Ramírez, Harold","WSH","2024","adj_xhr","23.9",2,4,0,"0","2",3,"-1.0"
"Schunk, Aaron","COL","2024","adj_xhr","22",1,0,1,"50","2",1.2,"0.8"
"Gomes, Yan","CHC","2024","adj_xhr","22.9",2,2,1,"50","2",2.7,"-0.7"
"Baldwin, Brooks","CWS","2024","adj_xhr","21.7",1,3,0,"0","2",2.1,"-0.1"
"Pinto, René","TB","2024","adj_xhr","28.9",1,1,1,"50","2",2,"0.0"
"Bliss, Ryan","SEA","2024","adj_xhr","22.5",1,0,2,"100","2",2.2,"-0.2"
"Leblanc, Charles","LAA","2024","adj_xhr","22.9",1,2,0,"0","2",0.8,"1.2"
"Hedges, Austin","CLE","2024","adj_xhr","23.2",0,3,0,"0","2",2.2,"-0.2"
"Locklear, Tyler","SEA","2024","adj_xhr","21.3",0,1,1,"50","2",1.6,"0.4"
"Westbrook, Jamie","BOS","2024","adj_xhr","21.9",1,2,0,"0","2",1.7,"0.3"
"McKenna, Ryan","SF","2024","adj_xhr","20.3",1,1,0,"0","2",0.5,"1.5"
"Sanó, Miguel","LAA","2024","adj_xhr","24.6",1,2,0,"0","2",1.4,"0.6"
"Lee, Jung Hoo","SF","2024","adj_xhr","19.4",1,4,1,"50","2",4.1,"-2.1"
"Wagaman, Eric","LAA","2024","adj_xhr","22",2,0,1,"50","2",1.2,"0.8"
"Pauley, Graham","SD","2024","adj_xhr","25.5",1,2,0,"0","2",1.4,"0.6"
"Casali, Curt","SF","2024","adj_xhr","20.9",2,1,0,"0","1",1.1,"-0.1"
"Dalbec, Bobby","BOS","2024","adj_xhr","19.6",1,1,0,"0","1",0.9,"0.1"
"Vargas, Ildemaro","WSH","2024","adj_xhr","28.6",2,2,1,"100","1",2.2,"-1.2"
"Jones, Greg","COL","2024","adj_xhr","22.6",0,0,1,"100","1",1,"0.0"
"Bouchard, Sean","COL","2024","adj_xhr","22.6",2,0,1,"100","1",1.2,"-0.2"
"Reetz, Jakson","SF","2024","adj_xhr","24.6",0,1,0,"0","1",1,"0.0"
"Villar, David","SF","2024","adj_xhr","25.6",0,0,1,"100","1",1,"0.0"
"Murphy, Tom","SF","2024","adj_xhr","25",0,0,1,"100","1",1,"0.0"
"Canario, Alexander","CHC","2024","adj_xhr","25.5",0,0,1,"100","1",1,"0.0"
"Peraza, Oswald","NYY","2024","adj_xhr","22.7",0,0,1,"100","1",1,"0.0"
"Jones, Jahmai","NYY","2024","adj_xhr","19.6",0,2,0,"0","1",1.5,"-0.5"
"White, Eli","ATL","2024","adj_xhr","20.2",2,1,0,"0","1",1.1,"-0.1"
"Edwards, Xavier","MIA","2024","adj_xhr","23.5",1,1,0,"0","1",1,"0.0"
"Cabbage, Trey","HOU","2024","adj_xhr","24",0,2,0,"0","1",1.3,"-0.3"
"Gamel, Ben","HOU","2024","adj_xhr","22.4",3,0,0,"0","1",0.2,"0.8"
"Berti, Jon","NYY","2024","adj_xhr","19.8",1,0,0,"0","1",0.1,"0.9"
"Shewmake, Braden","CWS","2024","adj_xhr","20.5",1,1,0,"0","1",1,"0.0"
"Hicks, Aaron","LAA","2024","adj_xhr","22.8",2,1,0,"0","1",1.3,"-0.3"
"Adrianza, Ehire","LAA","2024","adj_xhr","22.3",2,1,0,"0","1",0.8,"0.2"
"Zavala, Seby","SEA","2024","adj_xhr","24.3",2,2,0,"0","1",1.4,"-0.4"
"DeLoach, Zach","CWS","2024","adj_xhr","22.4",1,0,1,"100","1",1,"0.0"
"Kreidler, Ryan","DET","2024","adj_xhr","22.6",0,1,0,"0","1",1,"0.0"
"Vilade, Ryan","DET","2024","adj_xhr","20.9",0,1,0,"0","1",1,"0.0"
"Kennedy, Buddy","PHI","2024","adj_xhr","24.2",0,1,0,"0","1",1,"0.0"
"Stubbs, Garrett","PHI","2024","adj_xhr","23.1",0,1,0,"0","1",1,"0.0"
"Dingler, Dillon","DET","2024","adj_xhr","22.7",0,2,0,"0","1",1.5,"-0.5"
"López, Jack","LAA","2024","adj_xhr","21.7",0,1,0,"0","1",0.6,"0.4"
"Paris, Kyren","LAA","2024","adj_xhr","24.8",0,0,1,"100","1",1,"0.0"
"Adams, Jordyn","LAA","2024","adj_xhr","21.7",0,0,1,"100","1",1,"0.0"
"Campero, Gustavo","LAA","2024","adj_xhr","27.3",1,0,0,"0","1",0,"1.0"
"Martin, Austin","MIN","2024","adj_xhr","22.7",2,1,0,"0","1",0.9,"0.1"
"Davis, Henry","PIT","2024","adj_xhr","21.8",1,2,0,"0","1",1.7,"-0.7"
"Madris, Bligh","DET","2024","adj_xhr","19.9",1,0,1,"100","1",1.1,"-0.1"
"Noda, Ryan","OAK","2024","adj_xhr","24",1,1,0,"0","1",0.8,"0.2"
"Hernaiz, Darell","OAK","2024","adj_xhr","22.3",1,2,0,"0","1",1.1,"-0.1"
"Lopez, Nicky","CWS","2024","adj_xhr","19.9",2,1,0,"0","1",0.8,"0.2"
"Allen, Nick","OAK","2024","adj_xhr","20.7",0,1,0,"0","1",0.9,"0.1"
"Fletcher, Dominic","CWS","2024","adj_xhr","22.7",1,0,1,"100","1",1.1,"-0.1"
"Keirsey Jr., DaShawn","MIN","2024","adj_xhr","23.8",1,0,0,"0","1",0,"1.0"
"Dunn, Blake","CIN","2024","adj_xhr","20.3",0,1,0,"0","1",0.9,"0.1"
"Vogelbach, Daniel","TOR","2024","adj_xhr","27.3",1,3,0,"0","1",2.3,"-1.3"
"Clase, Jonatan","TOR","2024","adj_xhr","23.7",0,1,0,"0","1",0.7,"0.3"
"Barnes, Austin","LAD","2024","adj_xhr","24.7",1,1,0,"0","1",1.1,"-0.1"
"Dunn, Oliver","MIL","2024","adj_xhr","22.6",1,0,1,"100","1",1.1,"-0.1"
"Lukes, Nathan","TOR","2024","adj_xhr","20.9",1,1,0,"0","1",0.8,"0.2"
"Monasterio, Andruw","MIL","2024","adj_xhr","22.2",2,2,0,"0","1",1.3,"-0.3"
"Ford, Mike","CIN","2024","adj_xhr","22.2",1,0,1,"100","1",1.2,"-0.2"
"Saggese, Thomas","STL","2024","adj_xhr","22.3",0,0,1,"100","1",1,"0.0"
"Crawford, Brandon","STL","2024","adj_xhr","23.2",0,1,0,"0","1",1,"0.0"
"Mead, Curtis","TB","2024","adj_xhr","24.4",1,1,0,"0","1",0.9,"0.1"
"Herrera, Jose","AZ","2024","adj_xhr","23.8",0,2,0,"0","1",1.2,"-0.2"
"Walls, Taylor","TB","2024","adj_xhr","22.3",2,2,1,"100","1",2.1,"-1.1"
"Pache, Cristian","MIA","2024","adj_xhr","24.1",3,0,1,"100","1",1.3,"-0.3"
"Hensley, David","MIA","2024","adj_xhr","22.3",0,1,0,"0","1",0.8,"0.2"
"Driscoll, Logan","TB","2024","adj_xhr","26.1",0,0,1,"100","1",1,"0.0"
"Shenton, Austin","TB","2024","adj_xhr","21.1",0,1,0,"0","1",0.5,"0.5"
"Lipscomb, Trey","WSH","2024","adj_xhr","23.5",2,1,0,"0","1",0.5,"0.5"
"Millas, Drew","WSH","2024","adj_xhr","21.4",0,1,0,"0","1",0.6,"0.4"
"Garrett, Stone","WSH","2024","adj_xhr","22.8",1,0,1,"100","1",1.2,"-0.2"
"Knizner, Andrew","TEX","2024","adj_xhr","21.6",1,1,1,"100","1",1.9,"-0.9"
"Loftin, Nick","KC","2024","adj_xhr","21.4",1,1,0,"0","1",0.5,"0.5"
"Wendzel, Davis","TEX","2024","adj_xhr","21.6",0,2,1,"100","1",2.7,"-1.7"
"Harris, Dustin","TEX","2024","adj_xhr","21.3",1,0,0,"0","1",0.1,"0.9"
"Jankowski, Travis","TEX","2024","adj_xhr","20.8",1,0,1,"100","1",1.1,"-0.1"
"Walsh, Jared","TEX","2024","adj_xhr","22.9",2,0,1,"100","1",1.4,"-0.4"
"Sullivan, Brett","SD","2024","adj_xhr","21.5",0,2,0,"0","1",1.6,"-0.6"
"Cooper, Garrett","BOS","2024","adj_xhr","20.6",1,3,0,"0","1",2.7,"-1.7"
"Lockridge, Brandon","SD","2024","adj_xhr","21.8",0,1,0,"0","1",1,"0.0"
"Walton, Donovan","SF","2024","adj_xhr","20.4",0,1,0,"0","1",0.8,"0.2"
"Gurriel, Yuli","KC","2024","adj_xhr",,0,2,0,,"0",0.9,"-0.9"
"Grissom, Vaughn","BOS","2024","adj_xhr",,2,0,0,,"0",0.3,"-0.3"
"Rivas, Leo","SEA","2024","adj_xhr",,2,0,0,,"0",0.3,"-0.3"
"Nuñez, Nasim","WSH","2024","adj_xhr",,1,0,0,,"0",0,"0.0"
"McKinney, Billy","PIT","2024","adj_xhr",,1,0,0,,"0",0.1,"-0.1"
"Williams, Alika","PIT","2024","adj_xhr",,1,0,0,,"0",0.1,"-0.1"
"Whitcomb, Shay","HOU","2024","adj_xhr",,0,2,0,,"0",1.2,"-1.2"
"Sabol, Blake","SF","2024","adj_xhr",,1,1,0,,"0",1,"-1.0"
"Salazar, César","HOU","2024","adj_xhr",,2,0,0,,"0",0.1,"-0.1"
"Kessinger, Grae","HOU","2024","adj_xhr",,1,0,0,,"0",0.1,"-0.1"
"Sánchez, Ali","MIA","2024","adj_xhr",,0,1,0,,"0",0.4,"-0.4"
"Blankenhorn, Travis","WSH","2024","adj_xhr",,0,1,0,,"0",0.3,"-0.3"
"Romo, Drew","COL","2024","adj_xhr",,1,0,0,,"0",0.1,"-0.1"
"Luciano, Marco","SF","2024","adj_xhr",,2,1,0,,"0",0.6,"-0.6"
"Díaz, Aledmys","HOU","2024","adj_xhr",,1,0,0,,"0",0.2,"-0.2"
"Narváez, Omar","NYM","2024","adj_xhr",,1,0,0,,"0",0.1,"-0.1"
"Trejo, Alan","COL","2024","adj_xhr",,1,1,0,,"0",0.3,"-0.3"
"Alexander, CJ","KC","2024","adj_xhr",,1,0,0,,"0",0.1,"-0.1"
"Sogard, Nick","BOS","2024","adj_xhr",,0,1,0,,"0",0.9,"-0.9"
"Bae, Ji Hwan","PIT","2024","adj_xhr",,2,0,0,,"0",0.4,"-0.4"
"Ornelas, Jonathan","TEX","2024","adj_xhr",,1,0,0,,"0",0.1,"-0.1"
"Wade, Tyler","SD","2024","adj_xhr",,0,2,0,,"0",0.6,"-0.6"
"Hurtubise, Jacob","CIN","2024","adj_xhr",,0,1,0,,"0",1,"-1.0"
"Foscue, Justin","TEX","2024","adj_xhr",,0,1,0,,"0",0.3,"-0.3"
"Heineman, Tyler","TOR","2024","adj_xhr",,1,0,0,,"0",0.2,"-0.2"
"Hampson, Garrett","KC","2024","adj_xhr",,4,1,0,,"0",1.2,"-1.2"
"Reyes, Pablo","BOS","2024","adj_xhr",,1,0,0,,"0",0,"0.0"
"Serven, Brian","TOR","2024","adj_xhr",,3,0,0,,"0",0.2,"-0.2"
"De Los Santos, Luis","TOR","2024","adj_xhr",,1,0,0,,"0",0.1,"-0.1"
"Guillorme, Luis","AZ","2024","adj_xhr",,2,1,0,,"0",0.7,"-0.7"
"Mastrobuoni, Miles","CHC","2024","adj_xhr",,2,0,0,,"0",0.1,"-0.1"
"Mervis, Matt","CHC","2024","adj_xhr",,1,0,0,,"0",0.1,"-0.1"
"Berroa, Steward","TOR","2024","adj_xhr",,1,0,0,,"0",0.1,"-0.1"
"Remillard, Zach","CWS","2024","adj_xhr",,0,1,0,,"0",0.4,"-0.4"
"Jung, Jace","DET","2024","adj_xhr",,2,1,0,,"0",0.4,"-0.4"
"Waters, Drew","KC","2024","adj_xhr",,0,1,0,,"0",0.7,"-0.7"
"Rendon, Anthony","LAA","2024","adj_xhr",,4,1,0,,"0",1,"-1.0"
"Moncada, Yoán","CWS","2024","adj_xhr",,1,0,0,,"0",0.2,"-0.2"
"Azocar, José","SD","2024","adj_xhr",,2,0,0,,"0",0.2,"-0.2"
"Anderson, Tim","MIA","2024","adj_xhr",,0,1,0,,"0",0.3,"-0.3"
"Stefanic, Michael","LAA","2024","adj_xhr",,1,0,0,,"0",0.1,"-0.1"
"Tucker, Cole","LAA","2024","adj_xhr",,1,0,0,,"0",0.1,"-0.1"